-- phpMyAdmin SQL Dump
-- version 5.1.0
-- https://www.phpmyadmin.net/
--
-- Хост: localhost:3306
-- Время создания: Апр 20 2021 г., 21:42
-- Версия сервера: 10.3.27-MariaDB-0+deb10u1
-- Версия PHP: 8.0.3

SET SQL_MODE = "NO_AUTO_VALUE_ON_ZERO";
START TRANSACTION;
SET time_zone = "+00:00";


/*!40101 SET @OLD_CHARACTER_SET_CLIENT=@@CHARACTER_SET_CLIENT */;
/*!40101 SET @OLD_CHARACTER_SET_RESULTS=@@CHARACTER_SET_RESULTS */;
/*!40101 SET @OLD_COLLATION_CONNECTION=@@COLLATION_CONNECTION */;
/*!40101 SET NAMES utf8mb4 */;

--
-- База данных: `vk`
--

-- --------------------------------------------------------

--
-- Структура таблицы `community`
--

CREATE TABLE `community` (
  `id` int(10) UNSIGNED NOT NULL,
  `name` varchar(45) COLLATE utf8mb4_unicode_ci NOT NULL,
  `text` text COLLATE utf8mb4_unicode_ci DEFAULT NULL,
  `admin_id` int(10) UNSIGNED NOT NULL,
  `created_at` datetime NOT NULL DEFAULT current_timestamp()
) ENGINE=InnoDB DEFAULT CHARSET=utf8mb4 COLLATE=utf8mb4_unicode_ci;

--
-- Дамп данных таблицы `community`
--

INSERT INTO `community` (`id`, `name`, `text`, `admin_id`, `created_at`) VALUES
(1, 'non', 'Doloremque dolor repellendus aperiam et nobis.', 59, '1986-10-25 00:46:28'),
(2, 'autem', 'Autem cum sunt maxime ex nulla eos.', 35, '1985-10-20 03:39:40'),
(3, 'velit', 'Dolorem itaque possimus fugiat doloribus cum distinctio.', 91, '1994-11-24 11:25:25'),
(4, 'recusandae', 'Et distinctio dolor beatae in.', 43, '1998-11-30 04:43:06'),
(5, 'voluptates', 'Earum voluptas non dolor sed.', 34, '1981-11-17 03:57:27'),
(6, 'dicta', 'Ea est pariatur placeat et.', 55, '1990-11-03 14:20:33'),
(7, 'quia', 'Error iste sint fugit fugit temporibus deserunt velit.', 48, '1981-12-21 20:48:17'),
(8, 'possimus', 'Accusamus optio atque explicabo veniam non iste architecto.', 4, '2007-07-20 18:27:52'),
(9, 'dolor', 'Amet aspernatur ad sapiente error aspernatur velit.', 51, '2010-11-09 02:05:45'),
(10, 'voluptates', 'In aspernatur occaecati odit minima.', 100, '2001-10-24 12:34:32');

-- --------------------------------------------------------

--
-- Структура таблицы `friend_request`
--

CREATE TABLE `friend_request` (
  `from_user_id` int(10) UNSIGNED NOT NULL,
  `to_user_id` int(10) UNSIGNED NOT NULL,
  `status` tinyint(1) NOT NULL DEFAULT 0 COMMENT '-1 - отклонен\n0 - запрос\n1 - дружба',
  `created_at` datetime NOT NULL DEFAULT current_timestamp(),
  `updated_at` datetime DEFAULT NULL ON UPDATE current_timestamp()
) ENGINE=InnoDB DEFAULT CHARSET=utf8mb4 COLLATE=utf8mb4_unicode_ci;

--
-- Дамп данных таблицы `friend_request`
--

INSERT INTO `friend_request` (`from_user_id`, `to_user_id`, `status`, `created_at`, `updated_at`) VALUES
(2, 81, 0, '2017-11-04 11:06:21', NULL),
(3, 7, -1, '1993-07-12 21:32:17', '2021-02-25 22:05:49'),
(3, 32, 1, '1986-06-03 23:50:58', '2021-02-25 22:05:49'),
(5, 1, 1, '1974-06-04 01:28:10', '2013-03-21 02:54:23'),
(5, 69, -1, '1987-07-03 23:42:37', '2021-02-25 22:05:49'),
(6, 5, 0, '2013-11-03 09:14:23', NULL),
(6, 80, 1, '1985-11-08 01:19:34', '1997-03-15 04:16:35'),
(12, 16, 1, '1991-09-02 22:29:35', '2011-11-03 04:11:22'),
(12, 44, 0, '2006-05-13 13:29:29', NULL),
(12, 79, -1, '2019-03-12 06:10:48', '2012-09-18 08:26:03'),
(14, 11, 1, '1987-10-13 10:47:55', '1998-08-07 15:40:28'),
(14, 71, 0, '2007-02-06 19:33:26', NULL),
(16, 77, -1, '1981-05-22 05:35:50', '1970-05-04 04:12:36'),
(18, 30, -1, '1984-01-14 07:15:08', '1978-03-17 12:03:12'),
(18, 70, 0, '2010-06-18 12:25:16', NULL),
(21, 18, 1, '1978-03-06 11:40:55', '1999-12-04 18:47:59'),
(21, 62, 0, '1989-01-01 11:41:37', NULL),
(22, 11, -1, '1980-07-22 05:49:09', '2014-02-12 15:39:59'),
(22, 35, 0, '2004-10-12 11:42:27', NULL),
(23, 52, 0, '1981-11-24 05:46:59', NULL),
(24, 38, 1, '1989-06-29 09:10:26', '1994-03-08 05:24:50'),
(25, 27, 0, '1973-08-07 10:00:18', NULL),
(30, 71, 0, '1985-10-03 04:26:26', NULL),
(33, 68, -1, '1991-06-13 12:47:57', '1988-03-03 00:01:12'),
(33, 77, 0, '2006-03-20 00:59:14', NULL),
(34, 2, 1, '1984-08-06 20:20:22', '2011-06-11 04:36:35'),
(35, 52, 0, '2001-03-06 02:21:18', NULL),
(36, 16, 1, '1993-05-27 09:41:59', '1997-04-29 14:00:58'),
(37, 47, -1, '1988-07-22 19:49:25', '2009-10-09 16:27:27'),
(37, 68, 1, '1979-04-27 19:04:31', '2021-02-25 22:05:49'),
(39, 9, 1, '2012-03-28 05:33:52', '2021-02-25 22:05:49'),
(39, 45, -1, '2017-10-19 14:33:32', '1987-10-31 20:04:52'),
(41, 8, 1, '2016-01-19 07:29:16', '2021-02-25 22:05:49'),
(42, 36, 1, '1997-09-13 09:23:15', '1976-05-19 13:16:28'),
(42, 65, -1, '1978-09-14 11:32:43', '1992-08-14 15:10:24'),
(42, 79, 1, '2011-03-10 21:33:27', '1988-03-06 18:56:19'),
(43, 61, 1, '2004-02-23 15:24:04', '1971-11-22 22:19:11'),
(44, 49, -1, '1971-06-05 12:02:06', '2021-02-25 22:05:49'),
(44, 85, -1, '2018-01-19 20:43:57', '2021-02-25 22:05:49'),
(45, 26, 0, '1995-06-13 23:01:51', NULL),
(47, 25, 0, '2014-05-03 12:53:58', NULL),
(47, 65, -1, '2011-11-27 18:53:00', '2004-07-12 12:11:04'),
(47, 87, 0, '2008-10-10 21:15:52', NULL),
(48, 64, 0, '1977-06-23 07:46:08', NULL),
(48, 95, 1, '1991-02-18 19:16:33', '2021-02-25 22:05:49'),
(50, 16, 1, '2003-06-30 16:26:39', '2021-04-17 11:54:24'),
(50, 77, -1, '1971-11-12 22:43:41', '2021-02-25 22:05:49'),
(52, 17, 0, '1995-10-31 04:20:33', NULL),
(52, 55, 0, '2003-09-24 15:16:06', NULL),
(52, 74, -1, '1990-08-11 21:52:47', '2021-02-25 22:05:49'),
(54, 27, -1, '2015-10-14 12:27:57', '2021-02-25 22:05:49'),
(54, 66, 0, '2004-02-10 07:29:17', NULL),
(55, 79, 0, '2019-01-09 10:47:13', NULL),
(56, 83, 0, '1982-09-03 06:20:49', NULL),
(57, 88, 0, '1991-02-17 10:57:34', NULL),
(58, 69, 1, '1995-04-20 08:38:48', '1988-05-12 03:10:19'),
(59, 1, 0, '1980-10-30 12:39:56', NULL),
(59, 21, 1, '1996-05-18 23:41:23', '2000-03-13 01:06:51'),
(60, 76, -1, '1982-01-18 22:08:29', '2011-01-18 16:02:13'),
(61, 13, -1, '2000-08-12 19:32:40', '2021-02-25 22:05:49'),
(61, 54, 0, '1999-03-04 21:24:53', NULL),
(61, 56, 0, '2009-01-05 05:29:01', NULL),
(62, 74, -1, '1996-08-05 10:59:35', '2007-05-13 00:48:09'),
(64, 23, -1, '1971-04-28 11:08:41', '2021-02-25 22:05:49'),
(65, 82, 1, '1972-09-12 14:17:44', '2011-12-28 18:58:39'),
(66, 36, 1, '1990-02-15 22:20:51', '2020-11-06 17:16:38'),
(68, 63, 1, '1975-06-11 16:33:20', '2021-02-25 22:05:49'),
(69, 67, 1, '1982-09-30 18:32:28', '1982-06-28 12:12:02'),
(69, 86, -1, '1996-09-11 11:56:59', '2006-11-17 19:47:51'),
(71, 52, 1, '1984-12-08 23:30:31', '1974-02-23 02:17:58'),
(71, 92, -1, '2006-03-24 05:06:54', '2021-02-25 22:05:49'),
(75, 51, 1, '2006-08-09 13:53:17', '1991-04-27 20:38:09'),
(75, 82, -1, '1985-10-12 10:20:26', '1975-10-20 15:20:08'),
(75, 91, 0, '2010-03-30 03:39:16', NULL),
(77, 35, 1, '2019-03-05 02:29:25', '1992-09-24 11:59:54'),
(77, 73, 0, '1994-08-11 09:17:36', NULL),
(77, 78, 0, '1982-04-16 07:03:19', NULL),
(77, 83, 0, '1975-08-08 15:39:13', NULL),
(81, 66, -1, '1976-11-30 22:40:28', '2021-02-25 22:05:49'),
(81, 68, 0, '2019-11-23 03:40:19', NULL),
(82, 16, 1, '1977-11-19 05:50:10', '2021-04-17 11:54:02'),
(82, 18, 0, '1997-01-17 06:19:24', NULL),
(82, 20, 0, '2008-04-14 08:06:09', NULL),
(84, 32, 1, '1979-04-21 12:46:20', '1992-03-09 06:30:00'),
(86, 57, -1, '2002-12-29 17:29:26', '2021-02-25 22:05:49'),
(87, 2, 0, '2004-07-28 18:28:39', NULL),
(88, 53, 0, '1993-12-06 10:12:43', NULL),
(89, 15, 0, '1998-06-30 22:02:21', NULL),
(89, 49, 1, '2009-03-19 09:24:39', '1976-05-01 02:17:53'),
(89, 52, 0, '1983-11-06 02:07:56', NULL),
(89, 70, -1, '1983-01-24 07:37:09', '2018-07-17 10:01:25'),
(93, 92, 1, '2005-08-04 22:28:55', '1998-08-15 11:08:37'),
(94, 20, 1, '1982-05-05 07:07:37', '2021-02-25 22:05:49'),
(94, 40, 0, '2019-05-11 14:44:52', NULL),
(95, 15, -1, '1981-10-10 05:49:58', '2021-02-25 22:05:49'),
(96, 69, 0, '2018-09-25 16:11:18', NULL),
(97, 63, 0, '2013-03-10 18:15:33', NULL),
(98, 36, -1, '1972-05-20 22:39:55', '2021-02-25 22:05:49'),
(99, 34, 1, '1997-02-16 06:37:54', '2021-02-25 22:05:49'),
(99, 71, 1, '1970-09-27 15:39:30', '2019-06-24 10:11:48');

-- --------------------------------------------------------

--
-- Структура таблицы `like`
--

CREATE TABLE `like` (
  `user_id` int(10) UNSIGNED NOT NULL,
  `media_id` int(10) UNSIGNED DEFAULT NULL,
  `post_id` int(10) UNSIGNED DEFAULT NULL,
  `message_id` int(10) UNSIGNED DEFAULT NULL
) ENGINE=InnoDB DEFAULT CHARSET=utf8mb4 COLLATE=utf8mb4_unicode_ci;

--
-- Дамп данных таблицы `like`
--

INSERT INTO `like` (`user_id`, `media_id`, `post_id`, `message_id`) VALUES
(29, 77, NULL, NULL),
(44, NULL, 54, NULL),
(39, NULL, 33, NULL),
(72, NULL, NULL, 76),
(44, NULL, 100, NULL),
(44, NULL, 76, NULL),
(70, NULL, NULL, 53),
(56, NULL, 84, NULL),
(16, 3, NULL, NULL),
(82, NULL, NULL, 21),
(77, NULL, NULL, 49),
(2, 26, NULL, NULL),
(97, NULL, NULL, 40),
(10, 25, NULL, NULL),
(79, NULL, NULL, 34),
(57, NULL, 18, NULL),
(19, 75, NULL, NULL),
(85, NULL, NULL, 62),
(98, NULL, NULL, 100),
(18, 34, NULL, NULL),
(56, NULL, 54, NULL),
(19, 16, NULL, NULL),
(33, 77, NULL, NULL),
(93, NULL, NULL, 11),
(22, 93, NULL, NULL),
(40, NULL, 68, NULL),
(23, 78, NULL, NULL),
(11, 81, NULL, NULL),
(74, NULL, NULL, 93),
(22, 76, NULL, NULL),
(53, NULL, 44, NULL),
(67, NULL, NULL, 89),
(98, NULL, NULL, 38),
(97, NULL, NULL, 20),
(40, NULL, 59, NULL),
(92, NULL, NULL, 66),
(19, 47, NULL, NULL),
(23, 47, NULL, NULL),
(66, NULL, 20, NULL),
(44, NULL, 20, NULL),
(42, NULL, 78, NULL),
(77, NULL, NULL, 17),
(64, NULL, 66, NULL),
(29, 82, NULL, NULL),
(29, 79, NULL, NULL),
(25, 81, NULL, NULL),
(18, 45, NULL, NULL),
(21, 41, NULL, NULL),
(55, NULL, 2, NULL),
(32, 60, NULL, NULL),
(77, NULL, NULL, 5),
(96, NULL, NULL, 24),
(49, NULL, 75, NULL),
(18, 100, NULL, NULL),
(45, NULL, 97, NULL),
(26, 98, NULL, NULL),
(78, NULL, NULL, 9),
(88, NULL, NULL, 64),
(73, NULL, NULL, 69),
(24, 21, NULL, NULL),
(58, NULL, 46, NULL),
(66, NULL, 12, NULL),
(94, NULL, NULL, 19),
(6, 2, NULL, NULL),
(31, 11, NULL, NULL),
(70, NULL, NULL, 43),
(48, NULL, 12, NULL),
(71, NULL, NULL, 29),
(69, NULL, NULL, 34),
(97, NULL, NULL, 91),
(23, 18, NULL, NULL),
(20, 9, NULL, NULL),
(20, 3, NULL, NULL),
(97, NULL, NULL, 45),
(100, NULL, NULL, 71),
(47, NULL, 99, NULL),
(46, NULL, 49, NULL),
(18, 92, NULL, NULL),
(10, 43, NULL, NULL),
(51, NULL, 80, NULL),
(83, NULL, NULL, 80),
(97, NULL, NULL, 97),
(35, NULL, 68, NULL),
(96, NULL, NULL, 41),
(68, NULL, NULL, 85),
(36, NULL, 26, NULL),
(58, NULL, 75, NULL),
(74, NULL, NULL, 56),
(2, 38, NULL, NULL),
(29, 58, NULL, NULL),
(96, NULL, NULL, 91),
(28, 40, NULL, NULL),
(83, NULL, NULL, 19),
(30, 6, NULL, NULL),
(99, NULL, NULL, 72),
(94, NULL, NULL, 95),
(12, 62, NULL, NULL),
(20, 88, NULL, NULL),
(50, NULL, 7, NULL),
(87, NULL, NULL, 70);

-- --------------------------------------------------------

--
-- Структура таблицы `media`
--

CREATE TABLE `media` (
  `id` int(10) UNSIGNED NOT NULL,
  `media_type_id` int(10) UNSIGNED NOT NULL,
  `user_id` int(10) UNSIGNED DEFAULT NULL,
  `url` varchar(145) COLLATE utf8mb4_unicode_ci DEFAULT NULL COMMENT '/files/img/2020-01-01/img.png',
  `file` blob DEFAULT NULL,
  `created_at` datetime NOT NULL DEFAULT current_timestamp(),
  `deleted_at` datetime DEFAULT NULL
) ENGINE=InnoDB DEFAULT CHARSET=utf8mb4 COLLATE=utf8mb4_unicode_ci;

--
-- Дамп данных таблицы `media`
--

INSERT INTO `media` (`id`, `media_type_id`, `user_id`, `url`, `file`, `created_at`, `deleted_at`) VALUES
(1, 2, 78, 'application/vnd.wap.wbxml', 0x89504e470d0a1a0a0000000d494844520000057200000241040300000019d5502600000024504c5445ffffff4e81bdf79646f7ede3060000b7d6ea84a6ccfddbadfbb77b8d36000c1f7100003a332ffd5a0000389749444154785eec99bf6ea35a10878f4548e12ad2e214fb1444c62952ed1103051591b18b548e8c29f6a92c05ed73de990330382c09b9b97f94d5ef2bc230cc0e5b7c1e1dce317f0200000000000000000000000000000000000000000000000000c0ab72f3f500c0a77c6ee5d6fc3d36b9f9a70160416626516266e085a354199b3100f815331a6bfbaae1f89e8fe9a0cbf6f3e616769eb9005c1193bd56b7a486f7ac299341175a7ddadc92e69a0b606e5595948c67ee4fba7d7fe6d6e76117ba99506efecc4de79a0b60aed841e3f5e5b5e626f1e930e8724f76a4dcbfb9ce05307741b91176b3cdd51aed629ee8f0397385f9e602987bdd98eb51f83173afac76617c8aff4b7301ccf527cdbd3ffa412ad7804e92d5402852ed229472bf0fe836345e55dbaae2d6cf648f8db9cff209a719f348565eeb3d532a57e1fe24aff47e4aa5ab48c332d69aea28fd4fe63d00666e141744a236736334d079383437e2cb1d312f4d21192f20a22c14739fdcbfd4cc82af627ac1573b98cc512c9507f75f204aca586b4aa9abbb9702981b6566cadc946ebfb339d9711358a3415b7fa35d9a4b680abbdd045933734f2cf06afd48676e6469b5276b3453a6dbfb5f72ff8bef6f06e6a652c98129e9f44875ac354bcaddafcc0160ae1f2493e652ea1ebc4822d740cf7ed5dce6c9de8dd3bc1dc8fe91ff0449dba8a05c336e00f3832cd47de1a8ab2cadbc35e18062adf1d9f8c81a05e02462d2dc436ba44c580dbab3df91b9aab47e5a15cec75c9e1ffa8cd7c6226daf63d4552e296cbaf9146b8d2ca403be07404fbfbcdd6e4fa7dd2ebc34379378e9fe063f347044e984b99e9aab6b0097ffd1657affebb3fe06b452de2ef61a31556b1e68d30a0f602e1b5bd3815d69385c9a9ba8a265ac818ecbb9e6ba5a8a3513d8d0951efa9769a54b44b67d99d6f8f43d330ac0ae58fcb6b9e48835d0713932d7db57cf0373375515f4e606b1661ec84a35395e9beb53a83f93414da007d500e6361bb1ebf586b6ebb5996dae9cfd8ef716dcae979a7b474ceba3e434e39594e51f35b7a0b3e9013037a2e117dad85cbb16420dba8af17e6e41abed46f716c8eed6c5c05ccd88baa9f1e8db5a30d3e66acd07672e80b9ce210df4ec777c865627c375ee52a2e13a57334c49a1ac61153577bcce157c2ab3d0cc05c0dccc082e508ae45517af6e37bbd4dc28551f257fd68c1331e7d494b9d2d4b5d19a87ecfac2748075ee9be62e24d6a025885f7559d08d98eb8c14b13b73258ab250f207cd306278104f99bbe8f673b5a64c64a6f700ec2d246f9aebb39246033dfbbdec526761937d70e6bae16add28e6805e5cbecf7861637861a7cc752f2bd8dcbe46cc2ffab10fb09f1bd061da5c21b05bb329f341e0b4bbe852d522a7a95356d8999b6df766c99d9fc8cd5c3a6ef8599ff1d39caf325957a1b74fc6e6722bbbbda720367dcd92c2ee1c0ec05c21352d13e6de91906bc02ce8b75d0a09a462c1011bc894cec780a36fa6cff8dde658e082b1b96dab28d69a32e5983801c0353155f88eb9e689884e1ae83e8376b127d7c50fc8e675de6e7a9947a2d5527c8cfd5aee35c357cb6586f394e6bf33d7935651dcd7b82f35d1773600c826ae067af63bc6e3020db85e1f741d2e3b795a32d14a6b3e0d00f5d97c3d00f0bfd8971200ba0efe9f00e08abe22e64b0260ee5fecddb14e23571406e02346c6d9ce2ee009f200db1089d2d21585690645a61e2b5aa4f4a470ef2aa9224db5dbb8e11178bf847192f18add280e5c7456fabec280192183fff999b907c6f13a0000000000000000000000000000000000000000000000e0747ea49f220158cf8f741e09c0fc68f1bf81e422b915b707c905c97d0ec905c905c94572417273427241724172915c905c905c24775aca2c7d7291dca69f3ddd94c77d6877b12d65d9664f2e92bb2db3a79b52ba88be94abf835a665963cb948eee5723b8bf8ad6dfa5d9c942e7e19d2fc903ab948eec7d874db7dc1deef62f3187b9bd4c94572fb45440cc91dde0cefa54f2e92db97ee9fe44eafdbe8bbd8db263ece4572fbebf6ef984e4b7988e87f2ec35dd34f79d71690dc7ed9c64172976dd39752ae222ecb2eb22617c99d2e3f3b3468fa87a6dfc5bb65c4e543ea191a3af730b971b988be8be9c7367b72719cbb6c0f927bb24feea7fcc9c5dac2753b26f7dd22be9fc5741cfca64f2ed6739bdf23fac7b85fc46611b179cc9f5cccd04a298b6155a18b9352ca2ee2fe2a797291dcd82737be1bd673635b16a173f197e520b91520b920b920b9482e486e22482e482e482e920b920b928be44a2e5eb11a2417d6df6472e1667ea4b348062e5677f33f9d7ff8310693f1e3a4a059ddae9f527ab77a1f87febafbc370774a28dbbbd517cb75327e360d68c656fd2f1b457228dbe7dbaef7dbb69119caf6b966087afeea45d93eb7ba7debea85b1395fb45e3079f3ea858bdbf511659bb87a51b6c77bbb4105acc6b2adf0556b0c2a60f25a659b615081b2adbfc006e957010c2a462439fdcf3fa840d9e6df5d50b6f9f71a94adea45d9aa5e5206c5a002bf9cc73dcaa0a21a656b5081b2ad3fa840d9661b54a06c3d6c94ad478fd652bdcad6f7829e32a84041f967369a6faf6c0d2ab8a850b6a9071515aa17656b5081b2b55aa66c9d8ca26c552fca56f52a5bd54be2f3eaac4f9241053fb45fbb30e8d79f1d9a7f9f119f7651199379f7c5b235ba7fc9a0e274de465ddc9c57285b17ff5d9f45559c7e56b9931797ad53b6f1e75a11cd4137ac5eb16cad96dd9c47558e15de57b90ab3ea6d2abf8ab6d3b31a576156bd954fd2589f552b5bd5fb1ac70bfcc1deb9ac368e7551782742becc7c30d613e40114820b3c340803ca44c2d83fffcc22384f9089e7e949f7a841a3d4c413d3f403f8fddae792da4aab4522a492b7cb6b513847b25089c597ad7d91e39efaa2822600c3dcb66d8632f545352a89616edb3643eacb1a5153c15cd80c72412ecca5ffd45a7dac806fdab114e67e53ea894a6acd66904bbe52dbd62d85b96b1524f433c905b9e4676ad3b2a530b7c7cd83b6c985b9acb4757241ee96a86572616e6796c25cd80c7241ae7c815c900b815c900b7221900b72fd905ad712e4fe7481dc744c653d1497b5e5ab10e49e4320d757496109722f472077545882dc5f5688b92017e4f6a368d435b92d4a3eb96c72739b41ee5d1413d14b34277a8da23869d35290ebe5d1d198bcb056b3c90d6d06b9b3288a0e747b7addd3efd48f46ed590a720da7d1c6983cb256b3c9cd6c06b9af47dacde965412f73b379e8cad2a99a3872d76a6268f3d6e609e15548e4a76a659766bdd53fa709add592ac788b0f202f558925d7cff47bf63c6725f78fc4cbf77477d03e6babd9e4463683dc37ba1bd1ed9cf2d36bac77ecba22d7574a8d0db9e9693521b71893a712bb4cecd253eefdfbf137b3d78ab73c553cc15469f09579cf9de77ce4bee99797bdf73da1e1dc5acd2637b019e4e6737a3dd9b9d0d6f6e3a44b7253b55aab6cac29db3e4c55a2179355aa0caebe5a3eac0db9e6c055aa17f713b55d594489b7f80073822cd0e4a6c1f2219d903dcff9c8cd6d841df5df121a38abdb2017e4e63a053b39bad7d6f6bf27c6e66e2cf5d49828d52f37814b78efcdc2e07aa3890c2db96aec8ebe5713fe235dbc553c20245f6972d5c624bcee3cdd9bcbf612f51f93be090cd66acb722372416efe9810f5f3686ee2ad8ebb1adf6e2cf56d901c5b680d62e9c4319dd03d2ff581fa3d0b26f5dce5f3161f90da081cba2a8dcfd3bdb96caf2eca74aa3b8cadd5644c6e422ec8cde3c43617163fc89d45fb4e2cb5cc596ab38ddbb4ffa18db9012f95bd1ad21872eb80b7f8806ce476f50222b379139cc35cb6d7901b27a6c3105babc998dc805c90db8f49eb36fe5fb4ff416e57099866ca91ab12c39bc19403edb2107e2d8f55e4f2016a43852481d2913b4ff7e6b2bd445e7ed0fcfe155bab499bdc905cc45c338818d1706ef2dc8ec865f00cb99eb20a8be452a696b5c9d547bb5dca686cce73be98eb163393220ce6d6ea46e4825cbe9f1966df96a684382bb9e417c9f595dada65eac04c2ac8e5034ae48eec79ce622e6763ae13365c58ab1390db46587065eff7241f3983cf40eef2e1a4f023b934b5fd5c2637ac26b71c73270f5ae4ced3b9b96caf61d618fb727056532b36a39fabcbde594caf0bfd8f76c733909b1013cb3f7d35ae9f2df02e23779e33f673bd3f89f223fd46836864ad66931bd98c199a297b17343483757a597456a12947aeadab88dc82094e27757b0b6af4be2b20563a39e30ccdcbcd730ba7d73959abd96490dbccdc7e1ec5ee61a62e636e4f856e7e90d998e8164ceebd21571f68f0ab22970fb027b877bb38ba9f815cd640f77369173d26ceea0b8fb978b2dc571b4dd9b81013539ea13d70ccd5076a28abc8e503cc093ca5386576e7c193e520b745659387a94ac79abe27a2e94487e1edc33765cbb225f9d9c835c882a5b7564925b97c404fe9a715ec730b2179e9fb79406e7b02b9a67335b91f6b86ddb35e9e5e98406bde54a125b767dfae24970ff0f462f963179fa72d815c906b380d4243ae9f29fb80aeaf7f6a5ccdaee57bcabbd6bb2bc9e503ec1f59f6dc2e7d02771e900b725bd503afdcd22bec7280f2ee6af1015ec8bbc2d279402ec885402ec805b910c805b9a20472412e0472412ec885402ec805b910c805b920f71a0572f18dd5301736835c900b65022c85b9f56d8652f55525d486606efb3643fe5a2915ac7e2cb7adbb084d33a59eb5affeb352c1929a0b9a3e7f80d5fb39ec82dbe0dd533f6bce2ee4adb48ddbf0c3beb58d0f6d0adc2ecb3b9a0969c2f38a4a5a69765bb616dc9683703d418c67755eb06a312c80dbeac4b786204e098255f889e72b6a4de0b639bbd0d4a409cb4f6bb706ec429f9762abac51318c34a15afe33d76ff50471fbab157621dfa609b58ab8c6ec82dbe6eca2795bb76b507f3801f975f2acf597d8459a10d437a9fde104b82db31bd227c28cb796ea0f27e033dbdc9c5d68f55c2b6e76329c00b72cafba9e40f3b6862fdd0e27c02db34b6561c65b43dd0e27c02db31bd46217cd5b5683e104b875dc75c02e66bc2535194e80db0ecf83192f0bc30901bcd5ce399026603821e01e5f9b5d346f050c27c02dd8e5196f3d613821a40f7ba51f57f3eacf789b0f27c0ad6c769126603851e6b6fbe77b31e3953b9c00b7d59fa9c08c57d87002dcd6ffc80f66bc184e74f56c17d8cdc226cd5bf9c30970cb5afd4aec7e53c4f26bce78bb1a4eac7e616e5b04e9aa3ef2e3a9a706cddbae86132a01b71f0576d340489a503d9c287f313fb805bbbeda3468de76309ce0cb1420b9f05cdf477ed240529a503d9c4803705b10d8f555527bc6dbf970e2f283ee52e2cdbad4c4f19fe872944d64a509d5c389fb0b0eba7e50e256e208a4a7c20bffb681202429e2e18477c141379d086ca832bb8cc99884a9a7ea692370a6b74d830b4ec94472cb8f048b0dba37aa9e4617f4cbf67439219787af52d9cdc620b7b3fc26b88490cbdccafd88bcc8a07ba3460d8e16fe0d76971172f96fe24b6697832ec805b93d95087f3896d96d23e882dc1ac7096f3c32b7f2ff6c643606b920974b4d91dcf604b44a41ae3c0ee477443279ad52902b7fd843e797c08613c895cf01c805b920b7b1c53c28d90a8002e48ab9606ffdefc45624b96e500272412ecbcfc6f2c9e5e7b3412ec865c92597f5ab910b72412ec805b92017e4825c90fb12cd2f855c900b72fbf991a81f45231a445174b81072412ec8bd8d8e44775114d3604f2ff38b21d7feba5d2fb920f7e5ef23f5a34ddf50308813e1e4de458bf7bce6358ae2e42ac905b9c33dd1f7ff1f693827ba3bada9ff269cdc59a403edede9754fbf533f1a5d23b92077a893dbf9ec48a77ff472b80472ef0ef47aa49785cb6b5e0f57482ec81dea1befec70c2767720da1d8968203bcf7df3be27fa06918fe836d63b7657482ec81d469ad5bbcdec68e2ede987c65732b9f95cdf130673cd6f3f4e2e935cae2be593cbdd5249e40e23931ec4c4e47a794c82c9cda34ddf30abf9d52ba257f1796eaee3c34e67e752eb4aa54a954474e8e75134d7903c26dc2d1542eecbdef07b2c92fb960826373f99e8e57b1ac63adeeab8abf1154daee134dad0aea2ae144eae6176c1dd523131776f8316e7b9a2c9cde3c491f083dc59b427e1e4fe91507e30fe92b8bab2fa225ef7b6541f1c69189b459c88ca730fba3d7ad2c2f6164493db8fdfb3c4bf98dc03c926f78d4cede0c8e5ba5222b9dc27252fdf5872e9fdb6a63745f5168e8e5cd3cfe5f784c65cb718cc6d9e2b9fdc7c5e2497eb4ab9e40edd3c8a0493cbd7393bd220da9cfee9ab949ce7ba3bd6706119904b2e579444e666b6d3e9a2d4ba52a9629fd43a4c3acfdd18726db630173743b3e492ad24fbd14624b95ca25912cc7d772efa891bbe5cba1bd90a4d6a5da954f126ec1c76bd05723eef8e42c865597275d9bb614be5f673e9371a44237a5de87feca72c72f916c1418bf2a3d4ba52a962e1631372b3f998588a75b7144f96379ca1916b33bafee84226b95c5172b81acea5d6954a719f947fd70cc03698e9ca1de4366dd9eca2c7c43d31263ee65a0c729b81dd16eb4aa931774f9c20d89a7db7a06b22174f9673bab05b90c3a158574acd730f7c9730e4f6f3cd35910b72b9447b0fb9345b14eb4ab1bd85a38bb5b6ab4bbb450750805c81fd5c9b8af7ffd463eb625d29b79febe2ec6e44b3d8369bb872bf0672412e579451ac5b4c8f49b1ae943c431bc4649f113a9a2b8ef61ae0eb2217e4922597661ad98aba529cc5335394e5d19c1cb988b9f8ec2f9e2c07b92017e4825c900b72412ec805b92017e4825c900b72412ec8fda5bfb11ae4825c900b72416eaf39b9f8c66a907b06f9aa9e12905b16c895a1b55241425eaa8290242a03b965815cf233a59e2cc11a60814ad51735b9227241ee5aa949e8d653a5b6245dfeb3fb82c4b51274b920b7fb801b2c8b9bd2d1f5746ab32cac572057c43756771f70b721159572c62051ff62d5678e0508dfb5de95a619635a64431ebad5df00ee3fb7c02ec8cd2e895c6f5dc24076c6e06b6e93ffda2ded3e915d1cb9a9aaa54458c0651426a13c6e4defae32143ff35b97c6c1446c98d08b5526eba6e6a5157539b7c7241666555a71381625bebac0d413de3a13595496ede658208bdd6f1cbfaade7f22415a672ad87e4ac73694098185952f947fcb848ac304dfd48295983b014b7ab23bfd0295e5f6ae3f16d27ce6e8c5798f7a5e92f83a581cbbebaf54341ea7c1020bb3ea8c822defa97386e0eaf82a3c69f0b9535a6ee2ac040c7b5962935dc631a97130bb9b751a746be1c9b9af3455daedd8dd0a18f656ebbcb3603f29655c353b104b0141d75fab4f2e7dbae6802c375128bbbb9530ecfdfce80975ae6cf3b1eca21ae2d144c741b737fa48c0f357a8f485250d7ea19ea866b7bb4a785d31ecad50e52cb823877b2aac519855b777bb0dbad9a84626202769f02a120511ecfa2a2c06dcfac9c5d22d3b1a9c64e3e223610d6e7a498741f75e85a52ed897c4e1f92cca9282675fbd6aafa334279d14022ed516b7c7d271872197270ff5c5edddae82aea736f53a5e9f77c9d65d47350ea442d8f5d5a630ecad2f9e05f782ee426e0b8f2fea1c72db51d0bd0f1a4e19569cf016024e0751ad6e0387d92df52a839f62aa573fe096db636ad349c8e50ab79efe61efec75db46b6383eb240caea3830c827f00338451650298070a134432cecb42402e709dcb8f76deead1660a5346a8cfb047ebfc5ccc87b10fd17c2ce39875e269941320984e8cc077ff33f1f24e3c126b4e646571de2c51464de7727414369dd3b48ae3b1e728e7fbb3f795a64d0c523e2f651f634d57dac007fa8df4372c9714dfa4eb3e636774d70f9e8272441c350bf8fe4c6fde69d3662573b1f8e2e7e0953e305bb8575d34bee47725c93fe3f1295aae4429a25bd7731ed6ed308f46c0d975d92ebe14ab95ac34501ef050fd5e492dbd04ecc875c1475fd7804ab645dfd0e924b89b0885d7dd12d2dc48c82605733471b5409c0d7fae0c0c23f66cf583f1ec17aa90b523eb5e4b2e1c08771b445776804c908de0bd6dbcb52970084b108bba949ae4d6c953468e89a890b225f21a190b0cb14dd72faacba18141fdf5f2813803012b7b323572ee85f346ad0a228126fa7347720baca2bef27380c3324d7e8939bb6c06aba18da367308cff17191819155cab5407e18b81716b7c0c13ffcc9c95dd8c43679782eb78a6e429f5cb94911b9e87a6e24e46672a70f724a9bdc1ae9b62e66482eb65f8fdc2ae58dab7f9ddc854d6fef422e9a2cee9c2a06f89d4c2ed6f474c83d5f827330919f845c6cd3939bc92d487095c9c5c623b74a7c67e1172137934ba1fe0f426ee74bc399dc1c2d409bbde63adfcf9fdc4c6e2617da8f4f6e2637939bc9cde4667233b9abb6ad664f6e263793bb1cfd078fedf6ad7f6edb9d9b3bb999dc4ceeb357d88bb66d0fc7febf66d5569ae4667233b9e8d6c5e46e76cf95318fb7e6711bfb40f3cb64e44665fff5c8cde45eb73b639e5a0f2db97536b97bf3d47b72c7ca5cec62ef3f7e522477dd7e72f1941dfbcbb66d5f7e357233b91b7fd923b9e4d6d9e48e5b2fb095597e7366b5fb3df44e95dcc0e9ad3f70edeed85f1ebcb24bc8cde4a2f39d3db9cfafe6691bc922b7ce25776cfb48ee6aefcceadbe7d0bbf0911eb9af66bd73abb65fb555ecfd87e82bf40b237272d1f40cc8c5cc9a9caf845c5cac26b97b735d990b22d73c49c81dbd1b8fe4ee9c597efb1c7a673cbe4ae4ae0f26985b6f8db93e843e7cb2d7217739b6af5818710ae446b786a667402e64d6e47c694cc19269b17ae48e5b8fd9c5ad0eb9639c1a92bb690f4af5dc755b457237afc63cbec45e8ddcb0bf6d8f85113572d1b406b9a86e49e462664dce574e2e2c56462e39f7cdd63c1ffc18b747ead8e4ae76263624f7c5e890bb0eb3f4d6fd097b7a8dbd8f1694e2dcffb9e578c0c2880ab9de0a9a16937bedf704d42d815cccac69ba7c72c9062c56442e39f7d5d86ee3ca8f6a26d15cdf439cab47ee3ab872e3c31bafb49bd7d89b88af9cdc7dd8e8031646e4e4eea31530cd201733ec0ad52d815cccac1d902b5f329914924bce7d7354dbf1d5905b07e30916a1b6a045eeba8d763cb6df91bbf467464eee1895a182c2889cdcf1984a806931b9d72f3ec906754b2017326bcaa9694ce9929d16b9e4dc2f769f23aeebad21c418e4528af6e675b6b1577be2e6d1cf333a861372f74e482e5dbed52787851136b9643a0664685a46eede73b1de82ba25900b9935e5d434a664c9b858b9e686335bf9957b84f9e4a2d731cfb7f48b7cb9547323ba4fde24c5b90ae452ece48bdb581861934ba6a34347d32272c7ade7e212d42d815cc8ac29a7a631654ba6c5cac9a519aff6e1b716b9661fa6bb356b3fe9d87b2f262797c285d5d81bf35d6d41462e6d462077e7b030c226974cc7800c4db3c8255d5b055a51dd12c885cc9a32131a53b2645aac9c5c3a187ea571b59b5b95276e22b931e58dbd86e6528a1625d7844a6e157b41c5130b23cbf1050a230272c974983498e6914bbae64b21eb1daa5b02b9905923b9e2258349793dd7af7cb35bfde1b780109bed93e5eb70df2cdc03eefffa15f65aaeb926b6cd160a233272c9f40598e6914bba162bd03b54b7047231b306ccc44b5627d7ecc3ca6f5763db7e72e4d6674bae591fd66da8fd8c41d963ef6116924b0eee620b85112eb9e74d4bc8255d5bb5edff77a06e29e462660d63ca97ac4e6ea8e7ee4255b032f3d65c92ddb7db50bd89bd5473e9f24502a0302223974c6f6ec134835cd0b5cb2daa1bb39e4b39358c295b727e0fed5c93d773977f78af8b8511857a6e0cc8c034835cd0b5f52da85b0ab9985993f3a531d94b4e3c0c995c5661643986e716b03022bf8716033230cd201774edf105d42d855cccac0133d99269b1fae46672e9e1df1783851139b9c7800c4d0bebb9e63fe6b2ad40dd949f2c172d19179bc9cdefa1ed638e0aea36d7772232b9995c72f29f1ca8dbf4e4667233b9f93db44c6e2637939bc9cde4667233b999dc4c6e2637939bc9cde46672539a84dc4c6e2637939bc9cde4963f24b999dc4c6e9146ae63909bd47e527233b90c0218adb3ce0c093f997c16e4667233b9bfd9de182d740711b9995cb120cc83dcf23dc82d6c6d8c1aba5d22b9eedffa89d599dc29e12ad409c0b61c9ab7bf04edd56fc5601ffc30375c03b3ff59ebd3933bcc805ca9a4d56275c42017d0d506379cc2466aa9fce1c84d6f7257e6f4e3ba4a095c29ba18e46aa28b0358475109a3b10b2329e30d73213751149a7789eb9c06b89a88114e84ae5306f7de36ee2f861fa65174df7d9961785e4e4b2eaa81ac2dc3564ee2783bfba0a38e18e412074e79ca14de9a4e61d228c3fddba64f60db997bdfb10da4b66410cbe3370aa7a1015fe80f6d70511de5412ea0ab2b8830dc24a188196c3d01b8e10fc52b4933edacc2592335585c09ed90d8eaab001944c4e4412eda7d50049724dea98722a4eeeae0d22a745d72dc7b724772f1291b95e5eaa28be6e4e896ee244a42bb85e5ee417f2288d4a8c050a88722e65e8704dcdea5829e2f2a38ccc540e74eb021c772231386b22770319f32e6ab61b7df8ff3a3e803f7f62efd9af710e4c2e91b7a264f57288878db837fea3ee2fec6f61b0d78c797f11bd0053f92d4570c3d85e534962535ea7abe5a36f47dcebc68eb105dbe3a960d800b883130b00ea24eb0bba8791a10ad2e8320622be3c5ea2ab6c658724260db3afe86d337d1a1519eb66c7874dd7ce78550763fb0769bb2b4452d9a57e3200e2319620b18818ba7cdb130281a0872d16e619967ed7c70781f862d6bd159c601be97b4a1e25b4770294fe31c0ae292bc10ca6e619d205df9c2bb5a91778cb3e8b3b211494041e022621cf38b1a825cb0cb0817089ae24ce6dc593a162cfbe076a1b2c3dff0ae3a0117b2cdaee63ae5bff5421f7da2c65037d8d2c171e7758fb92de9b0750209288673ea78131c746a980b412ea2cb73608575275e11da40c782e7df6000486497dc0db70ec03dc9d34acbf1e7143ba2ddb896d2de48ea4e8e137f15302f40977ba0ba2bd84844371d03eb0c1845740bcbf48be815f19ee507bf234cff860360b9f48aa914b0df90a731ce5c5743580e1103d9e5656965cdb95827e062be535ab60414e7192b3dba8b3a35cced50c6f14870f672e8313743db35db9f0f3db85d04cc23c8540ad86fc8d318aec83a08cb31515b3446842e0331dbc38102746dcf948002fc22a2eb5d689a6e9516b71fed3284abb467af11151898015461cfa90425174cf3d601b890a7a5e752658337e2507697b6973d47d7a77f07c0c5fb6a5dcdcb1708dcb3e8a6a963f7609b7fb4174dfa8c1bcccdfebec0c02b4076f5d9cda6088db5e16583e0629e36548c4d01ab28bb1db7de72e7db60abf4cd84d41fa7f5d5b24a9777b4e47317aa4ef360f6cce581f268e28cffe1773acbbb4ef68ec03d3bf37bcb3a17980c639e961a891416c37234dcd9c4edfe935c33c6891806a2a8c80a897628a8b32eac2da9d05e83620fe020cd39d0727184091ac56f3df148db31adbfedef373f4e8a9cd35fc96fbda4b6be7660f29ee679a9198a8e1dd98fae48f8ffaac3c583a15a613cbb30ce183d8a2c63ec0a2c0f12918fa1238680b395ee67b49bb0c375080af96521ee93f31568fb64fda92209d35d6359047b5157cc15a4760c1e79ec206fa13e3d8868d93ce18091ed31060ccaad4a9db450ceb71bf61fa9f7d1598ffbff1a107846c4d04b240c9d79c2d88a720194765961f63efbfed340999ac6d2b1da52db0bbaac0257b475e5785d1833885d750313d8e9b896290943d581e1b16bcf8aa4d8fece856ece41443981ea5caa09c48bc009469b88a1e7c5ede584a1d58ed8bae4b70a50f3fd923bdd7665dbcead4e44184193d28873f1cdc42e4d0e819deb2a943118908308e4b46cc9a51138efcd3c41cd2793f1a27b8bcf3641e8b9360a7666ea5249fde45a9723c9ed0c40e119cb2aa997dc62ef89fde4726124978756c50ec0ee5610464c1e7e2c7cd4bae932d5358040ee00277220e4d5e82577de85023a7a79bda59cee9b5c2ec6615f47058db83388fd7f249715537fb36fc63a6e1b4118264e05a98ecf400b904a212a4e2c05102a788d002331d2b1497f9005c8ea0c9e823390ca8090c2d7a811923c00df2f1afd8a8733b33a88c15de0c043d83c15ff8e66fffd7667b9923a180e85f6fda75f7e7c6e64ba93cbd7f7426e77db2f5faf4b6e777557065ecbf0b085af45ae93ebe43ab94eae93ebe43ab94eae93ebe43ab94eae93ebe43ab94eae93ebe43ab94eae93ebe43ab94eae93ebe43ab94eae93ebe4f676e9f1be2a664e6e4e1ec44591e22e15bdc7a03c2fee1627ff4a2187febb23372f8ed721de1584531fd69cc3260f2a8341318fa2cd519f02bfcee46ea9e5cd31c03ea0f8e1e375e47e1877eb6dfcd089dcf5f815c88dc72a87e464dfa0284adc65d4387b3072ba153400fde39f4ac8a1ff66c8eddd5f653810bb3e743c1a5f2217d670d89bec5e6440d214e402bfaee4e6e596989f47ab5988dcec5e078b770d96a47617ea917e533b9bda8a44638049589ad51f2deaa151df505fc92299f6a3ea3d9495cc18b1962369656ff7e78c74555ca4b84b3396d98395274d9413e8f3285e0839f49cf2ae68d039dced587cb8179963c542070315402f153d15df182eb941ad8037f05220868666206de838b303bfddc75f16d1c99a7ec9a6f46a8acb190c0ed1b68936077a0dfc3a92bba988dcdd91fb32a0e8d5230b428325a90d579c0db5cecea6b662d9ee064fc2836e801653868647aa281796dc6c287b0fe54c668c5849361239c4bf2754e248bbc75d9941d64b395e9451fcb4d0de41fff5f5961665740e77a35e8ec6adccb16281dc5005d0fd0cc76785e606e1e10ddd1562865c1d9a476668fcae885c58f3c46189a5718baca705790d72815fe727b46d7a0a139721f70949196cf557735e985a70812da153b389a5eca44c8466e08c1b8816cbeca3542777476c53b248768cf29089dc940b128b8c112bce540e8462de1c933ee0ce5ace59c9f127b1f50afaafaf7f5b44bb033a877bc069b14860c542074d0590c4207e6fb7b7f1a140f83637a815676fe0a5440c0dcd40dad0530d48524661722905ce803409c865fc3a934b6142eb062cfa28833dfddc9c17260117d546a113b3c9900b7b442283a374c60d648ba5848694d120402ee5217b9f37940532164aa02b5144da9b06f7005c634beeeae8c7dcb80bbda86e0d3a877b402d18c0b8a383a10a60978ad53e101f0a845786c7e5d91b78291133e48643035d91471f95a2c25b882d54920d99dc13adb4a0cf19bfeee4d23bf442e4821931a56679735e98045c5aa767134bd9499108e57133d70dd002a043cdd40c2a4b2e184723ce639b2263ddc1b8ce1e048a10e50dee21b834b92b2ab4fd39b699dabb58928bcebd4517959a19b0e4862a805d2ab6a98c6f0d3716c21b78a91053e43e137ada1653a2fcf871a34acb94eda612d12fb115017e2f45eea7c7f57a3201336209a34a8a2549c045b571d9d2e9d964d34a8041fb9069bbd70dd002becb7d6e9a9498dca263a8e9825c1af63d323616dc66d935e47efae7825c925b1cf0485d2939f4c3d690a273ef4e77432e6014e4960b74505580f09212df2d447c6bf8541abe6acedec04b85588d86622043a12793752d7eed867d471f678507f3833cb1f32f4f0d9a972517178d824c6c50e50d8697c96535ebec6c82545dac270c679c09b7189d18785c925a844f03670b986a3fb4a75a7934672f3326e5644d3dbb8a5cbeb41c6fb0c07b04e5a331ef86d0b977dc453d164b9efc58b1d0c14005d04b454c1348c5877d6f2693db355d62dea156206f78a9b3974f68c1d0a3da88b1240360406e4ce18cff284f90cf10fca5f6b993f5fa03865625165d472e66531772a3bc9807c8d56a3e32a87872076de7a7e8c2928b8b06f38a7deee47cdd662325c7f2df9f534396b33e1bb7863448aeba64dd4507c315004b0a73a0e23f6f386a05bc8197d6423390363425f3288a2d3608d8386fe60239b1db828168c1f8bddcd902558365bb17fd86c9350f51b57a539e4d42cacf68f284b67c57ec03e4be01056acd1d1c562557a7a0edbcbaac14b9d80ebd9fd0b9f2d5670b28d0528e54406ec372d667ed5d4b3772692cd1c1cb15409c461d547c2e596bbadedfd66c216a05bc8197123184560369977368dff0b0c206901bef2a550dd54ebb3f07b9fffe6c014f8eb3b0629a51f16d892fec73a7729326669326d73e73a1af7dd3002decae98b205b30341aeadb9c83abccfed654375b680e7f814776906cee62cb9783a0f83ceaf69189fdde7aaed25af5883f44205a8a1e6e7848b9b513bef502be00dbc1488f19823cac5d0f0905ef2282278850ec8271079ba01cbf239e3d79ddced9cfe1905c01db713a3fa3237670b38f1b0e45e3a5bb0e75c18d62f6f43670bf6240273e710247769a7d0ae42c696f1b1463129aaafff841607515a9ea754cee9533739f6ea491a1c3e7bb680624a9933ea6716c215004b8571db1e00b05e1f43c21b78a910bb32343c54596f52da41c745654f7d38835f8f56a7f1673a64007eddc8c5fe7b76fadc3d0d29127ac430e462496ac1650f23e56cb2e4f2670b5c1ce93f1aa816f63072d3d07f4c6e91360d904a84cca68c0de3539143bc3b9980873eba0b2d0ead8c3c273b421f7241cf6a4a136ee0aed5001799f3928b0e72f22afc8d2ce9363e2938ba34fca88337f0d21e2cda81b4a1f1fd001627e599a9e6c454b1e7b034e29c011c2613ef168c5f6772c9fab95580181d2c6fce0b530bae5ead7562365972ede7b9a4ce4bdd002d105e6ed2a80126b7483b319fe92ca2ed4c658c58710845fe28bfb23b8b807c5bd01a94e82f1640cfea15f5099d135d6485fae80a2b163a18a8006aa9e87da6c7a8407c5664a3f6bba156c01b78291043433d9036346d72f19219a7a124a414b9faab2a1b4236ca611cf07bc9efe712b8965c4c98365c344b854ecc264b6e2c30e003beb96e8016fca1bb3831a830b9db69db2f5020203256d56b34ee60464cea6be5d0cb15a628910bee662cd4d70530eee8a0ae007649e951fccac667459d89cee62db3e1a5400c0dcd40dad0f5f0da6fb8dd0cffd36f9663b42cb95892f8bdea7badb3b3a9ad4874376051691aa045766fd41b1ce7e8af15d3ba65a650132163a144d40e668c3b7807bd26179dc35da951760db9e860a002d4524df41d22139f15b1ea2c6a05bc8197023134340369437f1280e8cb7f1331b93aedecfe7a2727dfd46f22960f5d18b8b29fac78ff2dfc26c27fcde3bfe619ff6f7fcde3e4faefd09c5c27d7c975729d5c27d7c975729d5c27d7c975729d5c27d7c975729d5c27d7c975729d5c27d7c975729d5c27d7c97572afb8be1b72ff66ef8c6d000661208844c31c34f44cc60c4c9e361d7f892d1385af2dd93a9fdc1ac000e57f33771d999fa9b9622ffe86568881b9c75c97d7c901e6ce6f99eb831dc200e5bb7dacf637b7e853cf57e6f6ba4cbbd717b157a12067a4b91c062f8f3797037fb0cb2c40d1f98d64962cf6ca158ed5ab90e1833d39869b42af17d08bde2cb2cb454e1cb0b7bd46a6d74bd7eb62a78e71100482008a4eb205d7306b61bb918b19ee5f584e45c12028e6bd8a50cc00fcecdfe7050000000000000000000000000000d0466cd1e6b88e791c3b7e6deb19df8ae5be29efe7bdfa6fcf4fa8f5f1f9a969ea63656b7eab2f53eef3512ab7f557d4d5d76443fba65ebe5ce52ebd54eed46f51575f930ded9e7afd729db9531fc53337fff48604aa6bf2adf69fb92b8f98f7f2e237cb556e8c52b9d1a25c6e75cdfe7273eaf5cb556ed4ca8d73ca8d43ca0de5562957b9bcd93b9bddc671250a1bd6c27e0c835a484b415ad88f25c80b6769288bdcc7be62b92adfad61533796d3e8ce800798219baa9f33d419c6611a39d56d77989b4ee6b7d05e65720e4df750eedb32b3157974b84992848fbbc37577780bb765d6d74bac640bce73f8f8df0eadef70eb68fc2840aff358cdcd32f240b214d55b68472a5fc2b8044ee1a3fb2735df46336e7373bb450de99a35f5a4ab295c19acbcf4fe90aa46c373b754112cfcadac74957de8d9dacd28a8c230ebaf7feded37bb1e96b19e6a5d6a74a591f863e8e2bfc698297a95acd332bb6876449c87f75c07397e6c590bd0abaf97598ce60195ab2527b4dd67e518508547a6a7b6736d2c2182359a3ad293f4d3c1caeb7a2d558d06140909e7c803fe5696ae3d5bfb028a72a77698421767cd7096cd9cc2f512e63a2e7d0c677989cba30fbe02eec3f898f5f5e36459664d783f87faf3ce6118e6d67518e9a092d2c65ac07ac54a1fff59f278205956ec3a5cc29dca6ff7450357a9efa9ed7c1bcedc2b6b348574ccbe0e6fa30d5a5eaa36cb44aa2a0dc7dd42e6365686bf95651ffa9acedb51941bdf79d4c23e6e782fafa58eeaad97a5b67b7c3414dd7127d4c773e618e41da84cfaa8ada9d5aa6739fd3a3a484d3a848ec652805e5289cf899665c5e2d7efb986fb32041142eda945b8367cce65cd9a7ad2fbd8df06caef7a098e55a19170ef96a5d0c19fb2ec435f93b21505b295bbf914cf5515a66cb8accbceee1bae302d54f6bff1ca9517e42a777458aad3213ea2b114a0d7aed766fa802c8574d5ca8d448d72607a6a11ae0dca65cd9a3ad2962d03e52d378640c371d749ef95eb994cb26ba414bc72afaee7aabcdd708afad3a5f9be7bc8d1ce2c5b7fecbf536ec3abe26dd1a10f74904734962c7af5adfb269dac54b9426b2f74f7c1538b706d60cf9a35f5a4f7424007ca1b05949b729f4f463b552efbd0bbcedb5050e9a1211b2b33910e4bb2ff13df06f7f1083e479d9c9c72ebac72f56b3e1de2128d258b5e263b2b4756aa5cfe9f9158a8a131daa05c5ba3a9237d902b051d282fc15eb950b4907b56b9ec434ca4f34b28caed9d729b4f810996880b3738fb76598f59614c945bf1aaceb71bcae5d57be552805eff4fb9c3ed3665940b3534461b946b6b3475a4ab396a56868c72a1e1b9a347f85336747a37e33aff4614e5ca3565cbeb38344bb024e6942bb7469b94bbcb2b97abab8c721db56794fb0fd267b9c5d201e552151a9e7baa5ccab20faef3ef4151ee755820db3f712f35eeebdd7c3f845d5eb97dcc7c46b9f45a55ae5c910d994f0b8eda57944b53475a343beaf0cb33171a9e7baa5cca3ae592f27b50943b1238d9fb08e3123d9d8eed8a72e7fa4b9f732940afac72f941484eb950fb9a7269ea484bb55a875f2a171a9e7baa5ccaa69f73bf0b45b9f63dfc5eef16dc9502aa9c4ed37d49e89b8c72651c93bb85960ebf50aef54a954b56847675dcf59b7f47ed4bcaa5a9274d425f53be92602ece12eec212e5226bc7a4a5f32b28e02dce7661747c6cb82d1168ca9ac6ddbee96b995321afdc77b9c7a4839794cce8254bb4242ba7dc23272fd432ca8526ffcdebcaa5bc05a3dc94fbcc7dae447ae5be6b213abf8ea25cbd47bd84ee71b8f476a32f414b0cca6de49ba1e92e7926aa54b997cf3fb4b1a6eb80a428d078e55a19b24cb9d5ec942b74650d6a39e54a3e6bd6d4931ee4a10d949fdab822d94a23e5dec625943b5256f761aee9fc3d28ca3d86f76e98e386cecd700e72e7138f8973bdab9a78318697b8fe28d384f73e8c2857b094a9667efadb0c9730d2014951c07aa1327b002f693e2e4c50ae346b874aea432dafdc7638b3664d3de9feba8c271d281f890c9710b3a1e1b8c790eb3035b13cfcad6c1566d907dff95514e59a7bfe687f8d4934254b7a8763bb7c0876b0907772cad50a9fcabdc53fede880a42860bd50993e202b42984c5eb9c7a0f5a19653aec4b2664d1d691919282fc18d6443c37397f56bcc82bf95adc27999b549e79751947b9843b8eac566dbf5b5beac46ae2f65e06f0bc8974ecb0bc19db95661eeacc32546d0014951805e28571e9065f7b9ef47afdcdd9bb1835aaa5cc5141ad6aca9275d49bfc7e0ca9fe344b2a1e1b9cbba04c0dfcab20fbef3eb28a8868e89cd061dd7f2ba5c29d34f523829402fff20c92228b7b60e174a53d7278e0c94af88650deeacc39fb254a4f3df8e72aaff15282828ca2d28ca2d2828ca2d2828ca2d28187e26ed82828282828282828282828282828282828282828282828282826ad818c683ed967a14f911b68150fff328e8eb6d613cd8f6571a065f642387e167b901fe7c14e556617c5db954f9c36e80d56d41f2e47c7b80523f1e45b918e3bda25caafc6137c07dc00d004ce10168177c97c1cc5f79e64e7586ea9f3a73a19557eeed36a150cedcb7f0ef3a738b7231c67b45b954f93650f839e5e2299b10ff57a128176c52eeefc7b3cac52163f851ca2dca2dcac51ae8b72ab720f5e23bcc7152dd3ab5c3c3422faa06633fe7b147be8492aef5bc5f1ecac56e4fab57b711db3d9cf4f254b58d19fbe13c785e1ec565e9da8e98f1495ac6b40f37c1e7dc00516e9551aed6a53d930d2848bdf8aa20135c0fb0d0136da9b19ff7d8235f4349af42cee44f1e76dee4cee4275941c7669daa55890f172841cc2b6421746ac6475ac6b40f37c1e7dc00d7cf5cea6a7b265b50907af1f5ed7598cc23e918bc855e5f9bb19ff7d8b37c42674bb77adee40fe562ad27d5e786c3ed8a93de2a55abf2769738258872a7703d87939af1919631edc34df009374094abee428972b52eed996c4041eac517decdeb4636db5be8f518fb398f3df235d4d2a9979afc25ae7e7dbd8c231f2831ea5ba54a15811244b995c49dd48c8fb49c699f3478ce0d10e556739d2a17e2b066b20d05de8b4ffe282f7f1f123b277e55bcf7d8239fd07d2be9d4fba5e194b7dbeb6ba98a4470d25ba3aa55344839a15c8deb5474a4e54cfb7a996d7003e4271119e58e3b5833d98282c48befd8aad7a4accfde428f5f15ef3df6c8b7504ba75e56b958ebf5b5c80789e0a4b74a55aad8a9a80451aea4c395b49c695f2f0b1bdc00f7c1fca987e11c5d4cdc1e4b5dda33d98602efc5e71c4ee49f44b962ece7bc47c847b99a4ebd15e5769fcae5c895051c46d6a85245a0047d1c8c49cb98f63d12b7b801eec3a2d8598ed307c6648f69cf640b0a128f923e086ace5d2cf4244c8dfd9c72c92734483af5f0cb4b94cbaffc0ff7ac72f354bd7295605eb9a461da972af76937406ec5ea15e5d29ec977a228573ec2e917342cf4244c8cfd72ca2554d3a9875f5e56b94df6cc5da3ea95ab04350e255a0469ceb4ef35e5ee50ae7c541f86212cffa47b4c7b26df83a2dc6688884badbe4d2cf4346c0a4d56b98436924e3dfcf2b2caad2fa1fbaa72a1ea95ab04b3672e69ceb46f9b72f1e443b97dc8dee7baf636f92e14e5da8363e8a6fa736ada3263bf8c72093d0679483dfcf2f2caad42fd8c7213814528c115e5128769df36e55acda7948b53d037a22877dff2dac6f9ce26a35c09741e7be43b9bbb255deb51725db9724f8b4470d2cb534d950b1355a2c4d9ed036919d33e597bc20df009e5d29ec9cb282e279c998af01ec6ac72f1d8cb28b70ad7f8907a5f52eec1f9a8e2a497a7baaedc9eb8076318e54cfb646d831b209f73b3caa53d93ad28f05e7c6831be82c01736b3a133633fe7b1473ea1bbb9c116d7fbe5e5951bb3e889515f9e6aaa5c23b80fddc38bec20454e6ac6475ac6b44f1a6c7003e46e614db9de2778330a522fbe295e1c4cfcb4d259e8f518fb398f3df271db9bc4fe8b7af8e5ad29b70f1db67b38e9ad52f5ca358287257a6a43274586f9a4667ca4654cfba4c1063740ee73d7944b7b26db5080171fb75aeaa95bef9c851e1741cefbcf29d742d582957af8e565948b14b0ddc3496f85aa57ae2778fd8c1bd58c8fb48c699f34d8e406b80fb0055eb9b467b20d05de8b4f36d47eb87472167aa22d8cfd9cc79ee513aa7f4b857af8e5ad29773735d8eee1a4b746d52b17826733d6aba618260b0d6919d33ea1b1cd0df01016dcd6bf0ba63d934d2848bdf88601eb69d6785e0d39673e42d37ae47c1503e5d6a88294e0675cc70269a969df4637c067407b99fcb7bd3b280100866100582f733ae5fdd540a110b8939110525bc4effe20337084e89207feab28306de92d70c2070000000000000000000000000de1498eae7f9111480000000049454e44ae426082, '2019-08-14 20:21:02', NULL),
(2, 3, 83, 'application/vnd.kodak-descriptor', NULL, '1984-09-10 22:13:33', NULL),
(3, 1, 41, 'application/vnd.fdf', NULL, '2001-09-06 08:44:35', NULL),
(4, 3, 23, 'application/vnd.semf', NULL, '2010-03-30 12:18:04', NULL),
(5, 1, 48, 'text/tab-separated-values', NULL, '1974-05-29 16:33:27', NULL),
(6, 3, 19, 'application/vnd.openxmlformats-officedocument.presentationml.slideshow', NULL, '2003-12-08 01:59:59', NULL),
(7, 3, 61, 'application/vnd.webturbo', NULL, '1995-03-09 06:56:57', NULL),
(8, 1, 15, 'application/vnd.uiq.theme', NULL, '2009-07-25 12:29:25', NULL),
(9, 3, 43, 'application/vnd.trid.tpt', NULL, '1983-08-18 21:46:01', NULL),
(10, 2, 7, 'application/vnd.route66.link66+xml', NULL, '1983-05-26 23:51:23', NULL),
(11, 3, 59, 'application/vnd.semf', NULL, '2017-06-30 13:48:00', NULL),
(12, 1, 41, 'application/x-tcl', NULL, '2014-03-06 13:11:03', NULL),
(13, 3, 99, 'application/vnd.openxmlformats-officedocument.wordprocessingml.template', NULL, '1994-05-23 12:13:08', NULL),
(14, 1, 32, 'application/vnd.immervision-ivp', NULL, '2000-07-10 17:21:12', NULL),
(15, 3, 10, 'video/x-ms-vob', NULL, '2011-01-19 16:04:24', NULL),
(16, 1, 30, 'video/vnd.mpegurl', NULL, '1987-11-14 03:58:17', NULL),
(17, 2, 68, 'application/vnd.sus-calendar', NULL, '2005-07-12 03:25:49', NULL),
(18, 1, 89, 'application/vnd.ufdl', NULL, '2004-06-29 16:57:33', NULL),
(19, 3, 82, 'application/vnd.epson.msf', NULL, '1985-08-21 10:21:37', NULL),
(20, 2, 16, 'application/vnd.dolby.mlp', NULL, '1982-07-23 16:11:49', NULL),
(21, 1, 76, 'application/msword', NULL, '2017-10-30 08:30:25', NULL),
(22, 1, 93, 'application/rdf+xml', NULL, '1980-10-19 14:01:02', NULL),
(23, 2, 99, 'image/vnd.dvb.subtitle', NULL, '1982-08-26 04:02:00', NULL),
(24, 1, 32, 'application/x-font-woff', NULL, '1979-03-20 09:55:20', NULL),
(25, 1, 21, 'application/vnd.sun.xml.impress.template', NULL, '2013-09-19 04:48:11', NULL),
(26, 1, 15, 'video/h263', NULL, '2010-09-18 17:46:00', NULL),
(27, 1, 47, 'application/vnd.recordare.musicxml', NULL, '1993-07-13 03:51:06', NULL),
(28, 1, 61, 'video/vnd.dece.video', NULL, '2000-10-15 07:02:33', NULL),
(29, 2, 92, 'application/reginfo+xml', NULL, '1988-04-17 04:46:35', NULL),
(30, 3, 46, 'application/vnd.las.las+xml', NULL, '2004-01-13 04:40:05', NULL),
(31, 2, 71, 'application/vnd.ibm.minipay', NULL, '1990-04-15 03:39:43', NULL),
(32, 3, 65, 'video/x-mng', NULL, '1988-08-11 22:51:55', NULL),
(33, 2, 31, 'application/vnd.wap.wmlscriptc', NULL, '2019-10-20 11:39:02', NULL),
(34, 1, 3, 'application/vnd.ezpix-album', NULL, '2011-02-03 00:53:18', NULL),
(35, 3, 95, 'application/vnd.dece.data', NULL, '2016-08-14 22:31:02', NULL),
(36, 1, 62, 'model/vnd.dwf', NULL, '2004-07-29 04:17:33', NULL),
(37, 3, 94, 'application/vnd.shana.informed.formdata', NULL, '1987-02-21 00:17:17', NULL),
(38, 3, 34, 'audio/x-pn-realaudio-plugin', NULL, '1971-02-22 04:35:56', NULL),
(39, 1, 43, 'application/vnd.openxmlformats-officedocument.spreadsheetml.template', NULL, '2017-06-16 03:56:14', NULL),
(40, 1, 23, 'image/x-pict', NULL, '1991-06-22 18:46:01', NULL),
(41, 1, 48, 'application/vnd.visio', NULL, '1993-06-07 06:17:43', NULL),
(42, 2, 85, 'application/x-mscardfile', NULL, '1971-06-12 06:22:51', NULL),
(43, 3, 60, 'application/x-font-ttf', NULL, '1983-07-14 01:44:16', NULL),
(44, 3, 79, 'image/x-portable-anymap', NULL, '1984-02-17 17:58:11', NULL),
(45, 1, 12, 'application/vnd.oasis.opendocument.text-template', NULL, '2017-05-19 08:58:15', NULL),
(46, 3, 77, 'application/pdf', NULL, '1971-02-11 20:22:10', NULL),
(47, 3, 5, 'image/x-icon', NULL, '1972-05-12 13:07:46', NULL),
(48, 2, 44, 'video/x-ms-wmx', NULL, '1996-12-28 16:55:48', NULL),
(49, 1, 47, 'image/jpeg', NULL, '2020-01-24 14:43:09', NULL),
(50, 3, 86, 'application/vnd.vsf', NULL, '1980-09-17 18:02:22', NULL),
(51, 2, 76, 'model/vrml', NULL, '2009-01-27 18:17:38', NULL),
(52, 3, 99, 'text/vnd.curl.mcurl', NULL, '1974-08-12 20:31:38', NULL),
(53, 1, 30, 'application/x-lzh-compressed', NULL, '2001-11-10 16:07:08', NULL),
(54, 2, 10, 'video/vnd.dece.pd', NULL, '2013-07-24 14:31:48', NULL),
(55, 3, 85, 'application/atom+xml', NULL, '1988-09-09 03:11:33', NULL),
(56, 3, 78, 'application/vnd.epson.ssf', NULL, '1973-03-20 17:02:55', NULL),
(57, 3, 75, 'text/plain', NULL, '1992-04-25 02:45:31', NULL),
(58, 1, 47, 'application/vnd.kde.kword', NULL, '2003-06-23 06:15:02', NULL),
(59, 2, 9, 'application/vnd.triscape.mxs', NULL, '1985-11-12 04:01:52', NULL),
(60, 1, 85, 'image/g3fax', NULL, '2020-10-15 00:52:09', NULL),
(61, 2, 30, 'audio/xm', NULL, '2016-08-09 09:28:12', NULL),
(62, 2, 7, 'video/x-ms-vob', NULL, '1992-07-16 08:14:50', NULL),
(63, 1, 33, 'text/n3', NULL, '1996-07-02 13:26:41', NULL),
(64, 2, 98, 'application/vnd.ms-cab-compressed', NULL, '2017-11-23 08:04:06', NULL),
(65, 3, 47, 'text/vnd.dvb.subtitle', NULL, '2019-05-22 19:37:11', NULL),
(66, 1, 15, 'image/vnd.net-fpx', NULL, '1971-05-13 16:28:26', NULL),
(67, 1, 85, 'application/xv+xml', NULL, '1988-05-13 08:45:18', NULL),
(68, 1, 62, 'image/vnd.fujixerox.edmics-rlc', NULL, '2001-08-01 19:31:36', NULL),
(69, 2, 48, 'application/x-stuffitx', NULL, '2011-06-11 21:58:45', NULL),
(70, 2, 30, 'application/vnd.umajin', NULL, '2007-01-16 18:16:09', NULL),
(71, 3, 49, 'audio/mpeg', NULL, '2017-01-02 15:03:01', NULL),
(72, 1, 66, 'application/vnd.rn-realmedia', NULL, '2008-02-22 15:52:22', NULL),
(73, 3, 44, 'image/vnd.xiff', NULL, '1970-06-06 04:56:34', NULL),
(74, 2, 63, 'image/x-portable-bitmap', NULL, '1980-11-08 15:30:29', NULL),
(75, 1, 95, 'audio/x-matroska', NULL, '2013-08-24 19:43:54', NULL),
(76, 2, 44, 'text/x-vcalendar', NULL, '1991-03-21 10:14:19', NULL),
(77, 3, 49, 'application/vnd.oma.dd2+xml', NULL, '1992-10-23 03:36:17', NULL),
(78, 2, 76, 'application/x-chess-pgn', NULL, '2002-10-29 13:00:58', NULL),
(79, 3, 19, 'application/vnd.sailingtracker.track', NULL, '1978-02-19 13:06:45', NULL),
(80, 2, 23, 'application/x-bittorrent', NULL, '1973-08-14 04:26:38', NULL),
(81, 2, 61, 'application/vnd.stepmania.stepchart', NULL, '1980-04-03 08:46:17', NULL),
(82, 2, 22, 'application/vnd.epson.salt', NULL, '1995-08-28 22:28:58', NULL),
(83, 3, 66, 'video/x-f4v', NULL, '2009-06-10 20:21:31', NULL),
(84, 3, 69, 'application/x-ustar', NULL, '2013-02-13 09:12:08', NULL),
(85, 2, 85, 'audio/webm', NULL, '2012-07-05 10:54:23', NULL),
(86, 1, 74, 'application/rtf', NULL, '1981-12-21 23:31:46', NULL),
(87, 2, 96, 'application/x-stuffitx', NULL, '1987-08-17 00:30:22', NULL),
(88, 2, 66, 'video/x-mng', NULL, '2012-05-09 04:39:30', NULL),
(89, 2, 11, 'application/vnd.tao.intent-module-archive', NULL, '1976-08-18 17:09:03', NULL),
(90, 3, 6, 'application/x-msbinder', NULL, '1997-01-13 06:45:37', NULL),
(91, 3, 23, 'application/x-chat', NULL, '1994-09-23 18:31:59', NULL),
(92, 1, 91, 'application/vnd.openxmlformats-officedocument.presentationml.presentation', NULL, '2010-03-25 07:29:21', NULL),
(93, 2, 14, 'application/vnd.sun.xml.impress.template', NULL, '1970-10-12 05:46:07', NULL),
(94, 3, 21, 'application/vnd.ms-artgalry', NULL, '2019-07-16 01:58:31', NULL),
(95, 2, 21, 'application/x-msmetafile', NULL, '2013-01-06 03:16:35', NULL),
(96, 1, 87, 'application/omdoc+xml', NULL, '2005-10-11 21:41:47', NULL),
(97, 2, 93, 'application/vnd.umajin', NULL, '2002-10-30 09:45:01', NULL),
(98, 2, 44, 'model/vnd.mts', NULL, '1978-11-11 08:31:06', NULL),
(99, 1, 76, 'application/vnd.dece.zip', NULL, '1974-04-19 20:30:09', NULL),
(100, 2, 33, 'text/vnd.sun.j2me.app-descriptor', NULL, '2020-12-23 03:01:04', NULL);

-- --------------------------------------------------------

--
-- Структура таблицы `media_type`
--

CREATE TABLE `media_type` (
  `id` int(10) UNSIGNED NOT NULL,
  `name` varchar(45) COLLATE utf8mb4_unicode_ci NOT NULL
) ENGINE=InnoDB DEFAULT CHARSET=utf8mb4 COLLATE=utf8mb4_unicode_ci;

--
-- Дамп данных таблицы `media_type`
--

INSERT INTO `media_type` (`id`, `name`) VALUES
(1, 'video'),
(2, 'audio'),
(3, 'img');

-- --------------------------------------------------------

--
-- Структура таблицы `message`
--

CREATE TABLE `message` (
  `id` int(10) UNSIGNED NOT NULL,
  `from_user_id` int(10) UNSIGNED NOT NULL,
  `to_user_id` int(10) UNSIGNED NOT NULL,
  `text` text COLLATE utf8mb4_unicode_ci DEFAULT NULL,
  `created_at` datetime NOT NULL DEFAULT current_timestamp(),
  `read_at` datetime DEFAULT NULL,
  `updated_at` datetime DEFAULT NULL ON UPDATE current_timestamp(),
  `deleted_at` datetime DEFAULT NULL,
  `media_id` int(10) UNSIGNED NOT NULL
) ENGINE=InnoDB DEFAULT CHARSET=utf8mb4 COLLATE=utf8mb4_unicode_ci;

--
-- Дамп данных таблицы `message`
--

INSERT INTO `message` (`id`, `from_user_id`, `to_user_id`, `text`, `created_at`, `read_at`, `updated_at`, `deleted_at`, `media_id`) VALUES
(1, 14, 29, 'Omnis numquam laudantium qui omnis error voluptas aut.', '1981-12-29 16:45:38', NULL, '2021-02-25 22:17:04', NULL, 43),
(2, 2, 16, 'Ut beatae autem dolores ea ad quaerat.', '2005-05-08 22:57:58', NULL, '2021-02-25 22:16:31', '2003-01-16 16:18:42', 45),
(3, 25, 48, 'Facilis consequatur molestias pariatur amet natus laudantium magni repellat.', '1975-10-13 17:19:32', '2013-11-05 21:09:42', '1988-06-25 08:33:25', '1997-08-07 23:13:41', 78),
(4, 53, 47, 'Molestiae natus culpa fugit nesciunt.', '1995-03-21 03:43:02', NULL, '2021-02-25 22:16:31', '2012-09-03 09:26:55', 84),
(5, 49, 90, 'Libero labore aperiam beatae.', '1989-06-30 08:55:02', NULL, '2021-02-25 22:17:04', NULL, 84),
(6, 3, 81, 'Expedita molestiae est quos.', '1984-03-03 05:24:12', NULL, '2021-02-25 22:17:04', NULL, 67),
(7, 28, 16, 'Quo nam placeat voluptates velit voluptas commodi.', '1997-10-19 09:41:00', '2017-09-06 18:08:19', '2021-02-25 22:17:04', NULL, 51),
(8, 17, 43, 'Est incidunt iure qui.', '2002-10-05 01:52:15', NULL, '2021-02-25 22:17:04', NULL, 59),
(9, 58, 62, 'Eaque ut officia eveniet voluptatem debitis ex ut fuga.', '2014-02-25 07:36:06', '2018-12-17 14:19:43', '1982-04-14 09:43:12', '1970-04-30 12:14:28', 22),
(10, 58, 97, 'Eum quos libero dolore cum.', '1993-04-06 02:08:26', NULL, '2021-02-25 22:16:31', '1982-02-14 12:59:51', 56),
(11, 46, 60, 'Asperiores architecto ea dicta qui autem labore vel.', '1977-09-12 02:56:39', NULL, '2021-02-25 22:17:04', NULL, 72),
(12, 71, 63, 'Voluptas ut autem ex ut similique nesciunt quod officiis.', '1981-12-18 05:38:14', '1978-10-08 11:03:51', NULL, '2000-10-03 01:58:56', 2),
(13, 93, 3, 'Dolores rem aliquid et aliquam est sint rerum.', '1978-10-30 05:52:47', '1985-01-30 02:13:22', NULL, '2004-11-25 17:39:57', 9),
(14, 14, 23, 'Quia inventore eaque nihil deleniti quam architecto.', '2005-12-31 23:40:01', '1970-07-03 06:06:03', '1991-05-31 13:39:04', '2006-12-10 16:55:52', 5),
(15, 91, 91, 'Laudantium earum hic quia corrupti.', '1977-04-01 20:46:16', '1976-09-29 14:41:21', '2021-02-25 22:17:04', NULL, 84),
(16, 34, 27, 'Ipsa et beatae id velit ipsa culpa dolorem.', '1980-09-25 19:26:21', '2004-11-19 20:23:19', '2021-02-25 22:17:04', NULL, 6),
(17, 61, 15, 'Et qui voluptas nulla consequatur.', '2003-07-09 10:02:11', '2020-09-27 06:53:41', '2013-07-18 08:13:18', '1974-10-27 13:05:19', 88),
(18, 83, 19, 'Nesciunt pariatur laudantium harum sit quia molestias qui.', '2005-02-21 06:26:29', '1994-02-06 01:45:18', NULL, '1991-05-10 02:34:57', 43),
(19, 7, 58, 'Aliquid esse cum commodi quis explicabo quisquam dolorem.', '1993-06-12 06:37:26', NULL, '2021-02-25 22:16:31', '1972-10-09 05:08:50', 48),
(20, 76, 34, 'Fugit qui eligendi enim voluptatem.', '1978-09-05 09:29:23', NULL, '2021-02-25 22:17:04', NULL, 84),
(21, 12, 61, 'Ea quia molestiae optio aut et.', '1970-03-15 07:36:41', '2017-12-02 20:27:24', '2021-02-25 22:17:04', NULL, 12),
(22, 95, 4, 'Sit ut dolor aut in illum voluptates ut.', '1981-11-18 16:24:11', NULL, '2021-02-25 22:17:04', NULL, 84),
(23, 2, 95, 'Aliquid asperiores nam omnis vitae.', '1971-04-03 03:27:00', NULL, '2021-02-25 22:16:31', '1989-12-11 15:12:58', 27),
(24, 92, 59, 'Rerum optio eaque dignissimos magnam quisquam sunt.', '1989-09-14 03:09:51', '1972-10-31 19:23:15', '1991-05-14 09:33:10', '1996-02-15 03:48:56', 21),
(25, 57, 4, 'Asperiores culpa dolores veniam laudantium.', '2001-04-14 03:44:12', '2016-09-03 01:23:09', NULL, '2006-03-22 08:01:38', 47),
(26, 67, 95, 'Expedita atque quos et totam et quae.', '1992-07-11 19:19:21', '1973-01-22 23:39:56', '2021-02-25 22:17:04', NULL, 96),
(27, 13, 37, 'Doloremque quas quos est distinctio ea impedit.', '2008-08-24 07:16:43', '1991-02-24 07:11:57', NULL, '1994-12-06 02:44:58', 59),
(28, 19, 73, 'Natus perspiciatis corrupti sunt tenetur inventore accusantium.', '2002-01-21 07:04:45', '2014-01-10 22:55:02', '2021-02-25 22:17:04', NULL, 51),
(29, 94, 25, 'Ipsa velit aut qui velit.', '2003-08-26 16:36:34', '2005-08-24 18:07:30', '2021-02-25 22:17:04', NULL, 74),
(30, 71, 54, 'Odio accusantium velit sit sint quaerat ex.', '2017-03-29 05:42:21', '1989-06-30 03:14:54', '1990-03-02 21:43:38', '1984-08-24 00:41:29', 59),
(31, 10, 35, 'Dicta quos ab consequatur ullam optio doloribus.', '2003-09-30 15:40:37', '2005-10-16 21:02:42', '2021-02-25 22:17:04', NULL, 4),
(32, 31, 9, 'Neque adipisci id inventore animi sequi blanditiis.', '2006-12-07 11:27:13', NULL, '2021-02-25 22:17:04', NULL, 52),
(33, 30, 80, 'Nihil doloribus odit at ratione facilis voluptate.', '2004-02-11 03:24:24', NULL, '2021-02-25 22:17:04', NULL, 53),
(34, 45, 67, 'Quos aut fugit aut et aperiam et vero omnis.', '1975-04-07 05:14:19', '2007-04-13 23:37:08', NULL, '1979-11-03 05:28:19', 28),
(35, 6, 83, 'Totam totam sit deserunt voluptatem provident earum.', '2003-08-22 06:15:54', '1988-05-04 15:57:54', '2021-02-25 22:17:04', NULL, 14),
(36, 50, 84, 'Exercitationem nesciunt voluptas tempora maxime iste incidunt.', '2017-03-16 14:17:16', '1990-03-01 21:26:24', NULL, '1999-09-09 11:12:46', 66),
(37, 53, 30, 'Eligendi tenetur deserunt et magnam.', '2015-11-11 20:50:36', NULL, '2021-02-25 22:17:04', NULL, 1),
(38, 60, 94, 'Est omnis sit eligendi impedit est sunt.', '1996-08-31 04:24:18', NULL, '2021-02-25 22:17:04', NULL, 4),
(39, 15, 10, 'Inventore iste recusandae dolores consequatur unde ducimus.', '1970-07-23 19:06:06', '1997-07-07 18:26:04', '2021-02-25 22:17:04', NULL, 92),
(40, 2, 38, 'Dignissimos magnam minus atque atque fugit sed nihil.', '1994-09-10 20:44:00', '1978-07-25 19:10:05', '1987-05-27 22:18:19', '1999-03-15 05:52:50', 68),
(41, 46, 85, 'Non fugiat et eius ut blanditiis illo.', '2009-10-19 22:22:34', NULL, '2021-02-25 22:17:04', NULL, 4),
(42, 57, 75, 'Sunt et fugit maiores reiciendis.', '1993-04-12 11:36:56', NULL, '2021-02-25 22:17:04', NULL, 21),
(43, 96, 88, 'Repudiandae et consequuntur soluta dolorum.', '2016-07-28 23:23:55', '2019-02-12 13:23:35', NULL, '1996-07-10 12:24:10', 58),
(44, 15, 19, 'Quis veritatis excepturi a officia.', '2001-07-03 06:07:25', '1992-06-22 08:01:02', '2021-02-25 22:17:04', NULL, 17),
(45, 29, 81, 'Sed maxime adipisci quam ab ad quasi qui dolorem.', '2016-02-01 04:28:34', '1992-10-10 22:24:14', NULL, '1972-04-18 07:56:57', 85),
(46, 54, 52, 'Facilis distinctio quia sed iure doloribus placeat iure.', '2010-03-28 20:55:59', NULL, '2021-02-25 22:16:31', '2017-11-12 15:38:46', 97),
(47, 68, 43, 'Doloribus modi sunt sapiente nesciunt deserunt.', '2011-12-04 18:37:33', '1976-07-08 08:25:21', '2021-02-25 22:17:04', NULL, 13),
(48, 98, 96, 'Quam rem et reprehenderit quisquam sapiente voluptas voluptate nobis.', '2015-01-20 03:32:43', '2010-02-07 08:32:41', '2019-02-25 08:44:40', '1970-11-01 09:45:43', 85),
(49, 6, 47, 'Qui qui et sequi.', '2015-03-05 09:27:55', '1971-09-22 19:28:31', '2021-02-25 22:17:04', NULL, 57),
(50, 63, 75, 'Non sed minus quia maxime molestiae.', '1982-12-30 16:33:45', '2004-07-28 06:21:21', '2021-02-25 22:17:04', NULL, 59),
(51, 58, 83, 'Accusamus hic delectus nostrum explicabo.', '1994-05-31 07:17:39', NULL, '2021-02-25 22:17:04', NULL, 66),
(52, 42, 51, 'Consequuntur nesciunt facere illo perferendis.', '2013-05-13 06:41:07', NULL, '2021-02-25 22:16:31', '1978-03-27 17:06:19', 37),
(53, 82, 59, 'Sed aliquam sit at nostrum veritatis a sunt dicta.', '2001-12-14 14:55:51', NULL, '2021-02-25 22:17:04', NULL, 56),
(54, 56, 24, 'Qui veniam ab incidunt hic reprehenderit et labore cumque.', '2013-04-30 16:47:47', NULL, '2021-02-25 22:17:04', NULL, 21),
(55, 52, 88, 'Officiis tempora ipsam labore quod ducimus quia est.', '1976-10-24 02:39:52', '1977-06-03 00:57:05', '2021-02-25 22:17:04', NULL, 96),
(56, 92, 85, 'Quia voluptas totam eos aliquam dolore magni quaerat cum.', '2005-05-10 19:32:32', NULL, '2021-02-25 22:17:04', NULL, 41),
(57, 84, 75, 'Aut hic nam distinctio illum ut rerum esse.', '2021-01-24 20:38:32', '2016-03-23 08:03:11', '2021-02-25 22:17:04', NULL, 62),
(58, 78, 41, 'Dolorem quas ducimus voluptatem laudantium eaque.', '1996-02-11 14:39:43', NULL, '2021-02-25 22:16:31', '2019-01-21 00:02:47', 75),
(59, 14, 38, 'Dolor est laborum quis delectus aut voluptates est magni.', '1978-08-08 05:02:37', NULL, '2021-02-25 22:17:04', NULL, 55),
(60, 20, 61, 'Ipsam quo id libero voluptate libero fugit.', '1988-01-05 07:38:21', NULL, '2021-02-25 22:16:31', '1998-12-25 10:58:20', 31),
(61, 52, 81, 'Officia non et et sed aliquid saepe ipsa.', '2012-12-02 03:04:57', '1991-10-23 10:08:38', '1988-07-30 00:16:33', '1981-08-31 10:11:04', 86),
(62, 50, 29, 'Autem ut ea qui id ullam alias maiores.', '1981-04-20 11:44:27', NULL, '2021-02-25 22:17:04', NULL, 7),
(63, 57, 93, 'Labore optio praesentium repellat id.', '2017-03-20 09:40:17', NULL, '2021-02-25 22:17:04', NULL, 73),
(64, 14, 70, 'Iure veritatis qui et vel sapiente corrupti.', '1999-04-25 18:44:44', '2016-09-02 13:47:57', '2021-02-25 22:17:04', NULL, 25),
(65, 97, 74, 'Cupiditate autem et magni voluptate.', '2018-07-13 21:24:00', NULL, '2021-02-25 22:16:31', '2008-05-30 16:19:16', 86),
(66, 2, 16, 'Laborum totam explicabo illum magni commodi laboriosam est.', '2019-11-04 18:37:33', '2015-03-30 09:23:59', NULL, '1980-06-27 13:59:33', 62),
(67, 17, 2, 'Aliquam pariatur veritatis et est maiores illo molestiae.', '1978-11-16 12:00:36', '1999-09-19 19:16:17', '2021-02-25 22:17:04', NULL, 8),
(68, 11, 16, 'Voluptatum tenetur placeat molestiae voluptates.', '1991-11-19 22:51:51', NULL, '2021-02-25 22:16:31', '1992-05-15 21:08:43', 78),
(69, 68, 80, 'Veniam quae non est nihil culpa quia.', '1979-10-12 16:21:44', NULL, '2021-02-25 22:17:04', NULL, 92),
(70, 13, 36, 'Minus et iste sunt iste.', '1997-09-17 15:45:28', '1991-11-24 00:48:36', '1981-12-01 12:14:51', '1990-05-26 17:23:16', 98),
(71, 91, 47, 'Et qui aliquid totam nostrum sint.', '2020-08-05 06:44:37', '2003-11-14 06:16:52', '2009-11-23 02:24:42', '1978-05-16 12:32:37', 64),
(72, 91, 3, 'Non fugiat temporibus qui fugit porro labore.', '1991-04-07 09:03:24', '1972-09-09 23:24:09', '2021-02-25 22:17:04', NULL, 66),
(73, 14, 12, 'Veniam hic autem non occaecati et dolorem.', '2007-01-30 11:23:49', NULL, '2021-02-25 22:17:04', NULL, 66),
(74, 10, 64, 'Molestias ea impedit qui.', '2013-06-24 19:40:11', NULL, '2021-02-25 22:17:04', NULL, 64),
(75, 53, 73, 'Non omnis aut inventore ducimus voluptatum magnam adipisci.', '1974-06-17 21:53:11', '1982-04-15 14:06:28', NULL, '1970-05-30 16:49:41', 44),
(76, 65, 33, 'Earum modi ab sint mollitia sunt ut.', '1973-11-27 16:53:38', '2017-05-04 11:18:28', '1972-02-17 17:56:23', '1983-11-15 12:26:26', 85),
(77, 85, 4, 'Aut pariatur cumque et inventore et similique quaerat.', '2005-12-09 17:14:01', '1976-06-03 05:52:46', '1995-10-14 11:46:42', '2005-06-26 15:30:40', 50),
(78, 42, 11, 'Quod quia illo maiores corrupti iusto id distinctio inventore.', '1978-11-08 19:18:22', NULL, '2021-02-25 22:16:31', '1994-08-22 10:16:46', 19),
(79, 43, 11, 'Recusandae maiores est vitae molestias repellendus nostrum.', '1986-11-17 22:09:53', '1996-03-11 00:31:14', '2021-02-25 22:17:04', NULL, 7),
(80, 93, 28, 'Aspernatur recusandae et eveniet quas inventore eos repellat aut.', '1998-06-10 07:21:33', NULL, '2021-02-25 22:17:04', NULL, 75),
(81, 9, 42, 'Laudantium velit placeat dolore amet.', '2010-10-29 11:59:16', '1992-09-29 13:58:41', NULL, '2020-07-26 22:08:41', 2),
(82, 87, 58, 'Quo aut amet aut omnis iste aliquid et minima.', '2007-08-29 17:11:13', '1979-07-22 18:15:04', '2021-02-25 22:17:04', NULL, 19),
(83, 97, 49, 'Vero aut et est libero cumque corporis nemo aut.', '1973-08-23 23:27:18', NULL, '2021-02-25 22:16:31', '2001-11-21 03:08:36', 93),
(84, 79, 48, 'Ipsum sed illo corporis quas.', '2009-07-20 00:05:23', '2001-08-19 17:35:46', '1998-08-28 08:29:16', '2008-02-21 03:57:51', 75),
(85, 37, 79, 'Provident molestiae ad aut est dolores.', '2019-07-16 00:39:32', NULL, '2021-02-25 22:16:31', '1999-01-16 13:37:34', 84),
(86, 87, 93, 'Saepe quasi earum voluptas commodi consequatur.', '1971-02-22 07:31:33', NULL, '2021-02-25 22:16:31', '1983-06-18 23:39:01', 87),
(87, 78, 42, 'Qui ipsa illum et.', '1984-04-22 12:45:11', NULL, '2021-02-25 22:16:31', '1982-10-15 18:37:34', 100),
(88, 76, 47, 'Voluptatum aut consequatur eos et deleniti.', '2015-08-10 09:48:12', NULL, '2021-02-25 22:16:31', '2012-10-27 09:00:43', 86),
(89, 70, 16, 'Est repudiandae omnis explicabo.', '1976-04-22 13:29:13', NULL, '2021-02-25 22:17:04', NULL, 90),
(90, 77, 33, 'Modi animi repellat qui non.', '1980-04-27 11:23:20', '1999-10-20 13:58:42', NULL, '2014-06-06 06:35:22', 22),
(91, 13, 24, 'Et unde repellendus blanditiis omnis.', '1995-09-14 22:14:26', '1990-04-07 01:52:28', '2021-02-25 22:17:04', NULL, 10),
(92, 29, 52, 'Itaque consequatur quisquam praesentium.', '1996-11-27 08:13:49', '1975-02-08 12:20:55', NULL, '2014-11-28 03:10:35', 68),
(93, 93, 28, 'Hic quia consequatur magnam animi vel optio quia.', '1973-05-28 17:25:04', '1972-12-23 12:05:54', '2021-02-25 22:17:04', NULL, 1),
(94, 70, 65, 'Necessitatibus vitae quam impedit animi nemo quisquam.', '2013-04-22 20:35:49', NULL, '2021-02-25 22:17:04', NULL, 25),
(95, 78, 99, 'In veritatis doloribus distinctio et.', '1991-05-13 02:57:09', '1974-11-10 09:28:52', NULL, '1971-02-18 16:38:43', 23),
(96, 44, 1, 'Laborum nemo voluptate molestiae iste aut.', '1987-05-24 19:07:36', NULL, '2021-02-25 22:16:31', '1976-01-11 14:55:21', 20),
(97, 29, 49, 'Ipsum esse sed unde debitis tenetur est omnis.', '1976-07-18 08:54:22', NULL, '2021-02-25 22:17:04', NULL, 19),
(98, 36, 28, 'Quo sint dolores iure odit.', '1990-03-03 21:49:57', NULL, '2021-02-25 22:16:31', '1984-12-18 08:31:11', 57),
(99, 96, 9, 'Omnis ut voluptatem qui sed libero ut.', '1998-05-01 17:01:00', '1989-09-28 11:01:21', NULL, '1995-10-02 22:35:57', 89),
(100, 50, 62, 'Ut ut et quia ut quae eligendi.', '1985-12-20 14:00:34', '2001-07-03 20:12:44', NULL, '1976-04-10 14:37:34', 28);

-- --------------------------------------------------------

--
-- Структура таблицы `post`
--

CREATE TABLE `post` (
  `id` int(10) UNSIGNED NOT NULL,
  `community_id` int(10) UNSIGNED DEFAULT NULL,
  `user_id` int(10) UNSIGNED NOT NULL,
  `text` varchar(145) COLLATE utf8mb4_unicode_ci DEFAULT NULL,
  `media_id` int(10) UNSIGNED DEFAULT NULL,
  `post_id` int(10) UNSIGNED DEFAULT NULL,
  `created_at` datetime NOT NULL DEFAULT current_timestamp(),
  `updated_at` datetime DEFAULT NULL ON UPDATE current_timestamp(),
  `deleted_at` datetime DEFAULT NULL
) ENGINE=InnoDB DEFAULT CHARSET=utf8mb4 COLLATE=utf8mb4_unicode_ci;

--
-- Дамп данных таблицы `post`
--

INSERT INTO `post` (`id`, `community_id`, `user_id`, `text`, `media_id`, `post_id`, `created_at`, `updated_at`, `deleted_at`) VALUES
(1, NULL, 89, 'Dolorum est saepe delectus quia dolores distinctio.', 14, NULL, '1972-05-07 10:22:28', '2021-02-25 22:18:49', '2014-08-04 11:23:18'),
(2, 5, 69, 'Perspiciatis minima vel praesentium laborum.', 16, NULL, '1983-11-20 02:16:27', NULL, '2014-04-15 16:03:54'),
(3, NULL, 52, 'Cum quidem deserunt autem eum ratione.', 78, NULL, '1978-05-31 18:02:56', '2021-02-25 22:18:49', NULL),
(4, 7, 33, 'Inventore sint consequatur ut quis animi.', 6, NULL, '2007-01-23 10:21:33', '1983-03-03 15:31:14', '2006-10-09 03:51:24'),
(5, NULL, 79, 'Est quod in omnis necessitatibus cumque omnis ut voluptatibus.', 42, NULL, '1988-04-04 17:19:58', '2021-02-25 22:18:49', NULL),
(6, 6, 26, 'Quis rerum quia qui incidunt vel voluptas veritatis.', 2, NULL, '1971-02-03 02:08:44', '2021-02-25 22:17:42', NULL),
(7, NULL, 59, 'Dicta consequuntur rerum autem quod voluptas.', 84, NULL, '1972-09-01 20:48:01', '2021-02-25 22:18:49', NULL),
(8, 9, 57, 'Ut voluptatem sunt dolorem ut.', 49, NULL, '2006-04-09 00:36:17', NULL, '1983-02-17 23:17:52'),
(9, NULL, 81, 'Deserunt tempore id voluptatum libero autem.', 35, NULL, '2001-04-29 02:21:48', '2021-02-25 22:18:49', NULL),
(10, 5, 55, 'Atque est sint voluptas est earum magni sed repellat.', 61, NULL, '1988-05-29 20:54:26', NULL, '2007-02-24 14:37:48'),
(11, NULL, 29, 'Quod nihil et aspernatur dolor quia enim ipsum.', 50, NULL, '1972-02-26 01:33:16', '2021-02-25 22:18:49', NULL),
(12, 7, 79, 'Non quia et laboriosam pariatur.', 19, NULL, '2010-08-31 21:02:31', '2021-02-25 22:17:42', NULL),
(13, NULL, 81, 'Omnis explicabo aut rem natus omnis possimus et inventore.', 70, NULL, '1985-11-25 18:16:15', '2021-02-25 22:18:49', NULL),
(14, 7, 48, 'Et expedita non et sunt adipisci.', 3, NULL, '2017-10-25 13:23:26', '1987-10-09 11:01:21', '1999-02-14 09:09:42'),
(15, NULL, 51, 'Ut rerum maiores dignissimos minus iusto reprehenderit ipsam amet.', 81, NULL, '2012-10-28 19:44:37', '2021-02-25 22:18:49', '1983-05-04 00:48:40'),
(16, 1, 10, 'Eligendi eveniet tempora aut quae tempora.', 7, NULL, '2004-01-31 05:21:00', NULL, '1995-09-10 02:41:00'),
(17, NULL, 1, 'Quasi non sapiente molestiae ea ut delectus nisi.', 66, NULL, '1983-11-24 15:08:32', '2021-02-25 22:18:49', '1999-01-14 15:33:24'),
(18, 10, 83, 'Id qui quia ut animi.', 22, NULL, '1990-07-04 02:48:18', NULL, '1996-12-02 17:26:07'),
(19, NULL, 77, 'Possimus commodi facilis natus quae.', 2, NULL, '1990-12-26 06:46:23', '2021-02-25 22:18:49', NULL),
(20, 8, 23, 'Autem omnis dolores sunt eos est laborum.', 57, NULL, '1990-03-02 05:05:12', NULL, '2002-08-10 16:00:02'),
(21, NULL, 79, 'Rerum ad nulla qui beatae optio.', 86, NULL, '1998-10-02 10:29:42', '2021-02-25 22:18:49', NULL),
(22, 9, 49, 'Voluptas iusto ullam accusantium quia ut.', 64, NULL, '1992-04-22 08:31:53', '2007-08-08 02:08:24', '1980-08-23 06:36:20'),
(23, NULL, 34, 'Qui laudantium fugiat esse aut quia esse aut.', 45, NULL, '1971-04-18 00:05:01', '2021-02-25 22:18:49', '2009-01-29 05:40:20'),
(24, 8, 96, 'Eum sed sequi dolorem quaerat voluptatem necessitatibus deleniti.', 93, NULL, '1977-06-16 15:32:45', '2021-02-25 22:17:42', NULL),
(25, NULL, 64, 'Aperiam sint corrupti rerum enim dolores architecto.', 44, NULL, '1991-09-29 21:36:14', '2021-02-25 22:18:49', '2006-08-28 04:11:31'),
(26, 6, 74, 'Ipsam et accusantium ipsam sint ut optio qui.', 53, NULL, '1986-01-12 10:55:28', '1991-03-04 15:12:04', '1975-05-12 23:39:41'),
(27, NULL, 85, 'Praesentium praesentium odit provident eum accusamus est vero.', 54, NULL, '1980-09-21 08:41:36', '2021-02-25 22:18:49', NULL),
(28, 4, 81, 'Non sit et nisi adipisci ut et.', 36, NULL, '1974-12-21 20:42:26', NULL, '1992-11-27 16:51:02'),
(29, NULL, 24, 'Cum doloribus tempore numquam.', 13, NULL, '1974-08-09 01:39:23', '2021-02-25 22:18:49', NULL),
(30, 6, 2, 'Voluptatem placeat rem aut voluptatem nam reprehenderit.', 36, NULL, '2009-10-03 13:56:03', '1988-11-26 17:53:09', '1979-07-24 04:53:03'),
(31, NULL, 41, 'Unde officiis corporis sint asperiores.', 15, NULL, '1995-09-25 14:48:25', '2021-02-25 22:18:49', '1995-07-02 22:55:07'),
(32, 10, 30, 'Esse sunt dolorum omnis.', 63, NULL, '2016-01-05 19:38:16', '2021-02-25 22:17:42', NULL),
(33, NULL, 36, 'Aut blanditiis vero iure ut quo molestiae eius.', 96, NULL, '1973-01-16 08:04:51', '2021-02-25 22:18:49', NULL),
(34, 1, 12, 'Corporis sunt animi totam nostrum.', 91, NULL, '1979-12-07 09:26:16', '2021-02-25 22:17:42', NULL),
(35, NULL, 90, 'Sunt error est blanditiis sint.', 54, NULL, '1981-11-16 13:25:04', '2021-02-25 22:18:49', '2017-07-18 15:09:55'),
(36, 4, 49, 'Ad qui qui iusto inventore tenetur.', 28, NULL, '2002-09-18 09:25:18', '2021-02-25 22:17:42', NULL),
(37, NULL, 14, 'Vero explicabo vel quia similique tenetur.', 13, NULL, '1993-10-25 01:45:12', '2021-02-25 22:18:49', '2014-09-28 10:58:47'),
(38, 5, 45, 'Est consequatur in itaque quaerat.', 93, NULL, '1972-12-09 06:12:35', '2021-02-25 22:17:42', NULL),
(39, NULL, 97, 'Praesentium voluptatem rem sunt quo.', 16, NULL, '2005-11-16 08:35:43', '2021-02-25 22:18:49', '1988-11-06 17:52:10'),
(40, 10, 50, 'Est recusandae dolores illum et culpa totam.', 18, NULL, '2015-12-18 02:11:05', NULL, '1988-06-22 11:17:55'),
(41, NULL, 61, 'Sequi aut tempore qui libero quaerat tenetur sapiente.', 59, NULL, '2005-03-18 18:26:45', '2021-02-25 22:18:49', NULL),
(42, 5, 56, 'Vero placeat aut quidem minima autem ut.', 88, NULL, '2008-05-30 02:34:31', '1983-09-09 21:34:34', '1976-12-29 10:12:00'),
(43, NULL, 15, 'Nostrum asperiores necessitatibus provident rerum.', 23, NULL, '1995-10-27 10:20:51', '2021-02-25 22:18:49', '1984-04-22 01:08:54'),
(44, 1, 19, 'Est enim rerum omnis voluptatem sint id.', 35, NULL, '1985-12-03 11:37:41', '2021-02-25 22:17:42', NULL),
(45, NULL, 15, 'Numquam exercitationem omnis aut unde omnis.', 25, NULL, '1997-01-03 22:10:20', '2021-02-25 22:18:49', NULL),
(46, 5, 54, 'Quo laboriosam nesciunt aperiam tenetur.', 73, NULL, '2013-07-20 02:40:50', NULL, '1979-08-06 22:03:21'),
(47, NULL, 46, 'Libero quo culpa omnis qui amet beatae nisi error.', 87, NULL, '1974-10-09 23:06:26', '2021-02-25 22:18:49', '2018-03-06 08:05:07'),
(48, 9, 90, 'Aut quis est maiores alias non architecto aut harum.', 31, NULL, '2002-03-15 18:18:01', NULL, '2006-12-16 02:23:55'),
(49, NULL, 71, 'Perferendis praesentium ad a ea.', 27, NULL, '1982-12-08 04:58:31', '2021-02-25 22:18:49', NULL),
(50, 10, 64, 'Iste quod deserunt quaerat labore et est.', 77, NULL, '2001-12-11 03:02:05', '1979-06-07 18:31:05', '2008-06-08 10:49:44'),
(51, NULL, 92, 'Tempora facilis voluptatem dolores reiciendis.', 37, NULL, '1993-05-19 21:04:13', '2021-02-25 22:18:49', '1986-04-06 21:24:52'),
(52, 7, 35, 'Ea et ut consequatur dolor praesentium.', 93, NULL, '1981-05-15 21:00:12', '2006-05-26 10:01:38', '2017-12-09 21:58:53'),
(53, NULL, 39, 'Quae dolores porro cupiditate possimus quis.', 8, NULL, '2020-11-16 04:12:57', '2021-02-25 22:18:49', '1990-04-18 23:06:58'),
(54, 8, 39, 'Voluptas officia ut error aut.', 26, NULL, '1994-02-15 16:10:32', '2021-02-25 22:17:42', NULL),
(55, NULL, 30, 'Quis nisi sapiente dolor.', 41, NULL, '2003-03-27 17:54:47', '2021-02-25 22:18:49', '2017-05-02 07:51:41'),
(56, 4, 75, 'Perspiciatis sint esse repellat perferendis laudantium sint quia.', 94, NULL, '1981-02-15 03:43:23', '2021-02-25 22:17:42', NULL),
(57, NULL, 46, 'Ut porro quisquam assumenda.', 39, NULL, '2008-09-23 08:03:08', '2021-02-25 22:18:49', '2012-09-09 04:51:05'),
(58, 10, 30, 'Quia tempora ut non neque.', 29, NULL, '2014-08-13 11:48:51', '2021-02-25 22:17:42', NULL),
(59, NULL, 6, 'Ipsa ad cumque voluptatum consequatur error.', 100, NULL, '2004-02-04 19:20:59', '2021-02-25 22:18:49', NULL),
(60, 6, 98, 'Et est autem eos aut ratione.', 63, NULL, '1983-10-06 04:36:45', NULL, '1999-07-12 15:55:29'),
(61, NULL, 7, 'Vel ut ex tenetur qui inventore rerum omnis aut.', 55, NULL, '1992-06-26 07:20:48', '2021-02-25 22:18:49', '2001-08-12 15:59:17'),
(62, 7, 74, 'Placeat ut voluptas enim esse et.', 89, NULL, '2001-03-02 13:54:50', '2021-02-25 22:17:42', NULL),
(63, NULL, 28, 'Tempora magnam esse impedit voluptatibus omnis.', 28, NULL, '2004-07-14 02:49:55', '2021-02-25 22:18:49', '1973-12-21 21:15:32'),
(64, 7, 6, 'Ratione ut ea molestiae laborum error.', 67, NULL, '1973-11-27 10:09:57', NULL, '2011-10-04 21:52:17'),
(65, NULL, 17, 'Praesentium possimus dicta quo veritatis molestiae saepe et.', 97, NULL, '1984-04-30 04:45:41', '2021-02-25 22:18:49', '1997-01-03 02:18:07'),
(66, 4, 54, 'Aliquid temporibus voluptatibus consequatur placeat laborum est.', 71, NULL, '2000-03-30 17:04:33', '2021-02-25 22:17:42', NULL),
(67, NULL, 63, 'Aut id aut laboriosam nesciunt cumque porro.', 17, NULL, '2016-06-28 06:10:06', '2021-02-25 22:18:49', '1983-03-31 03:44:26'),
(68, 7, 58, 'Eligendi nulla quia ut qui.', 46, NULL, '2021-01-16 15:20:08', '2021-02-25 22:17:42', NULL),
(69, NULL, 84, 'Quia facere molestias velit dolorem quisquam.', 52, NULL, '2006-11-05 09:12:27', '2021-02-25 22:18:49', NULL),
(70, 10, 37, 'Veniam blanditiis in et eos.', 49, NULL, '1999-09-09 19:49:02', '2021-02-25 22:17:42', NULL),
(71, NULL, 66, 'Tempore nemo ipsam quae nihil enim quo sunt labore.', 55, NULL, '1978-01-15 08:14:51', '2021-02-25 22:18:49', '1973-07-17 23:44:08'),
(72, 1, 32, 'Quae molestiae esse et sed magnam beatae nihil.', 29, NULL, '1992-03-21 00:58:02', '2021-02-25 22:17:42', NULL),
(73, NULL, 90, 'Dignissimos vel qui dicta commodi.', 57, NULL, '2008-08-16 14:04:53', '2021-02-25 22:18:49', NULL),
(74, 3, 55, 'Velit vitae temporibus quae totam ut.', 62, NULL, '2008-03-20 05:08:59', '2021-02-25 22:17:42', NULL),
(75, NULL, 46, 'Fugit quo necessitatibus a tenetur.', 79, NULL, '1985-10-07 20:22:55', '2021-02-25 22:18:49', NULL),
(76, 9, 77, 'Et rerum accusamus quia non rerum.', 32, NULL, '1998-06-28 00:44:07', '2021-02-25 22:17:42', NULL),
(77, NULL, 2, 'Natus molestias atque sapiente fugit id optio dolorem optio.', 94, NULL, '2009-02-03 15:12:22', '2021-02-25 22:18:49', '2017-09-04 13:50:00'),
(78, 8, 65, 'Amet et sapiente ipsam optio iusto.', 51, NULL, '2012-05-27 01:30:56', '1992-10-25 19:27:01', '2012-04-25 07:05:03'),
(79, NULL, 57, 'Libero cupiditate impedit quod ut porro.', 35, NULL, '1986-11-28 17:37:30', '2021-02-25 22:18:49', NULL),
(80, 8, 48, 'Itaque maiores reiciendis repellendus molestias nihil quia et.', 71, NULL, '1985-11-27 12:21:33', '2017-10-21 21:25:41', '1971-09-08 11:19:33'),
(81, NULL, 2, 'Aliquid doloribus deserunt voluptatem a sed.', 36, NULL, '2014-09-02 01:27:11', '2021-02-25 22:18:49', NULL),
(82, 8, 10, 'Officia nesciunt velit cupiditate consequatur quis magnam reprehenderit.', 68, NULL, '1976-07-02 17:41:57', '2021-02-25 22:17:42', NULL),
(83, NULL, 7, 'In aliquid accusamus aspernatur et animi quia facilis est.', 57, NULL, '2016-11-24 17:25:29', '2021-02-25 22:18:49', NULL),
(84, 6, 32, 'Quod rem reiciendis nobis voluptatem.', 12, NULL, '1981-06-03 00:50:14', '2017-08-27 15:33:15', '1992-06-03 01:07:00'),
(85, NULL, 23, 'Vitae voluptate ut repellat occaecati impedit quisquam et.', 57, NULL, '1982-10-23 08:06:18', '2021-02-25 22:18:49', '1990-05-18 19:04:35'),
(86, 10, 10, 'Rerum et nesciunt nemo magni accusamus tempore velit illo.', 34, NULL, '1989-08-07 04:54:02', '2021-02-25 22:17:42', NULL),
(87, NULL, 68, 'Temporibus impedit aspernatur id id molestias quam quia.', 35, NULL, '1994-10-24 04:46:17', '2021-02-25 22:18:49', '1978-10-18 23:56:48'),
(88, 3, 42, 'Eligendi ipsam non adipisci beatae aut voluptates sint.', 100, NULL, '2017-06-02 12:48:36', NULL, '2015-12-14 07:13:37'),
(89, NULL, 63, 'Voluptas nulla doloremque quibusdam repudiandae necessitatibus.', 56, NULL, '1974-03-13 01:35:11', '2021-02-25 22:18:49', NULL),
(90, 1, 34, 'Suscipit et quos sunt et libero ad modi.', 3, NULL, '1985-05-26 11:54:04', '2021-02-25 22:17:42', NULL),
(91, NULL, 54, 'Rerum facilis et reprehenderit itaque quae sed est.', 4, NULL, '1980-03-18 21:17:52', '2021-02-25 22:18:49', '1986-12-04 21:27:50'),
(92, 2, 29, 'Culpa dolore minus repellendus ducimus sit deserunt minima.', 14, NULL, '1982-08-07 17:43:34', '1979-11-30 21:20:58', '1974-06-11 10:26:21'),
(93, NULL, 32, 'Dolorem facere nesciunt nesciunt est recusandae et.', 20, NULL, '2012-03-20 11:05:04', '2021-02-25 22:18:49', NULL),
(94, 4, 91, 'Quidem enim nisi dolorum iste sit sit id.', 52, NULL, '1982-11-15 10:41:56', '2021-02-25 22:17:42', NULL),
(95, NULL, 11, 'Delectus quas culpa ad.', 74, NULL, '2018-09-25 18:51:01', '2021-02-25 22:18:49', NULL),
(96, 1, 9, 'Explicabo hic quisquam laborum odio vero occaecati.', 84, NULL, '2000-09-06 18:36:26', '1999-06-29 10:59:25', '1982-10-19 23:04:20'),
(97, NULL, 38, 'Sequi aut aut commodi amet consequatur dolorem.', 52, NULL, '2007-10-20 18:06:16', '2021-02-25 22:18:49', NULL),
(98, 8, 61, 'Dolor cupiditate unde ratione omnis quia molestias.', 94, NULL, '1975-04-03 20:18:07', NULL, '1974-05-02 08:17:51'),
(99, NULL, 34, 'Amet voluptatem illo quia voluptatibus sapiente.', 56, NULL, '1985-01-31 20:08:24', '2021-02-25 22:18:49', '2004-03-22 16:21:31'),
(100, 3, 42, 'Minima porro exercitationem omnis minus.', 90, NULL, '2007-02-22 11:37:32', '2021-02-25 22:17:42', NULL);

-- --------------------------------------------------------

--
-- Структура таблицы `profile`
--

CREATE TABLE `profile` (
  `user_id` int(10) UNSIGNED NOT NULL,
  `firstname` varchar(245) COLLATE utf8mb4_unicode_ci NOT NULL,
  `lastname` varchar(245) COLLATE utf8mb4_unicode_ci NOT NULL,
  `birthday` date NOT NULL,
  `gender` enum('m','f','x') COLLATE utf8mb4_unicode_ci NOT NULL,
  `address` varchar(245) COLLATE utf8mb4_unicode_ci DEFAULT NULL,
  `media_id` int(10) UNSIGNED DEFAULT NULL
) ENGINE=InnoDB DEFAULT CHARSET=utf8mb4 COLLATE=utf8mb4_unicode_ci;

--
-- Дамп данных таблицы `profile`
--

INSERT INTO `profile` (`user_id`, `firstname`, `lastname`, `birthday`, `gender`, `address`, `media_id`) VALUES
(1, 'Giovani', 'Dooley', '2003-03-02', 'm', '03732 Kemmer Estate Suite 179', NULL),
(2, 'Katelyn', 'Moore', '1993-02-27', 'f', '5543 Graham Locks Suite 791', NULL),
(3, 'Florine', 'Gottlieb', '1991-08-16', 'm', '870 Amparo Ports', NULL),
(4, 'Gunner', 'Osinski', '2010-12-31', 'f', '09120 Lang Keys Suite 586', 27),
(5, 'Josefina', 'Borer', '1987-10-24', 'm', '888 Berge Run Apt. 744', NULL),
(6, 'Modesto', 'Lockman', '1976-02-17', 'f', '927 Murray Crescent', NULL),
(7, 'Lourdes', 'Stehr', '1997-01-05', 'm', '353 Graciela Pine', NULL),
(8, 'Carter', 'Pollich', '2006-10-13', 'm', '01684 Mylene Mills Apt. 141', 87),
(9, 'Zula', 'Prohaska', '1988-05-10', 'm', '09589 Jones Estates', NULL),
(10, 'Audra', 'Schoen', '2017-07-30', 'm', '772 Hertha Ports', NULL),
(11, 'Darrin', 'Nolan', '2017-08-09', 'm', '33324 O\'Conner Ranch Apt. 533', NULL),
(12, 'Dameon', 'Fay', '1997-08-17', 'f', '54582 Eldora Station', 65),
(13, 'Soledad', 'Leannon', '1988-03-18', 'f', '152 Lela Locks', NULL),
(14, 'Celestino', 'Wunsch', '1998-08-24', 'm', '883 Fahey Views', NULL),
(15, 'Regan', 'Nienow', '1975-12-30', 'm', '23076 Emard Shore Apt. 183', NULL),
(16, 'Antonio', 'Wunsch', '2014-06-29', 'm', '9340 Mckenzie Square', 72),
(17, 'Elmer', 'Nikolaus', '1980-04-18', 'm', '794 Carroll Groves Apt. 792', NULL),
(18, 'Tamia', 'Waters', '1976-12-08', 'm', '85976 Leannon Branch Apt. 158', NULL),
(19, 'Aglae', 'Gibson', '1999-01-20', 'f', '379 Nitzsche Roads', NULL),
(20, 'Oscar', 'Mann', '2012-05-01', 'f', '0099 Meggie Ranch', 48),
(21, 'Alexzander', 'Upton', '1996-09-14', 'f', '349 Aisha Green Apt. 273', NULL),
(22, 'Mertie', 'Senger', '1973-11-22', 'f', '60337 Buckridge Street Suite 266', NULL),
(23, 'Alfonzo', 'Lang', '1989-07-08', 'f', '212 Conroy Port Suite 468', NULL),
(24, 'Arlene', 'Skiles', '1978-07-03', 'm', '55538 Dibbert Ramp Apt. 867', 34),
(25, 'Wilmer', 'Ferry', '2017-03-15', 'f', '0953 Katheryn Springs', NULL),
(26, 'Carrie', 'Abbott', '1983-08-24', 'm', '637 Mitchell Flats Apt. 399', NULL),
(27, 'Johann', 'Mertz', '1977-02-12', 'm', '85475 Feil Field Apt. 402', NULL),
(28, 'Edgardo', 'Blick', '1977-12-05', 'f', '49478 Hubert Island Suite 789', 95),
(29, 'Fae', 'Konopelski', '1990-12-01', 'f', '9678 Roob Garden Apt. 806', NULL),
(30, 'Orin', 'Cassin', '1999-11-13', 'f', '1342 Shannon Fords Suite 472', NULL),
(31, 'Judd', 'Goyette', '2005-01-13', 'm', '600 Jackie Drive Suite 331', NULL),
(32, 'Nichole', 'Satterfield', '1996-10-16', 'm', '220 Destany Station Apt. 230', 54),
(33, 'Margie', 'Stamm', '1997-07-07', 'm', '7321 Lockman Plaza', NULL),
(34, 'Dell', 'Altenwerth', '2017-03-09', 'm', '34276 Estella Coves Apt. 054', NULL),
(35, 'Elmo', 'Haley', '1987-11-07', 'f', '18391 Sylvan Harbors', NULL),
(36, 'Trever', 'McClure', '1981-04-15', 'f', '43820 Arianna Expressway', 100),
(37, 'Ansel', 'Tromp', '1991-02-27', 'm', '984 Legros Oval', NULL),
(38, 'Javon', 'McGlynn', '1977-04-17', 'f', '96048 Schowalter Plains', NULL),
(39, 'Rocio', 'Wintheiser', '1979-04-07', 'f', '076 Alessia Burg Suite 117', NULL),
(40, 'Melisa', 'Littel', '1986-12-30', 'm', '26425 Tracy Unions', 70),
(41, 'Alfred', 'Feest', '1973-07-07', 'f', '4601 Green Key Suite 638', NULL),
(42, 'Ari', 'Fisher', '1979-08-27', 'm', '616 Raphael Trafficway Suite 255', NULL),
(43, 'Alessandra', 'Prosacco', '2019-07-19', 'f', '885 Schamberger Mountain', NULL),
(44, 'Estefania', 'Rohan', '1975-08-18', 'f', '576 Dolores Wells', 96),
(45, 'Nellie', 'Feest', '1986-02-27', 'm', '25794 Violette Keys', NULL),
(46, 'Lennie', 'McCullough', '1974-10-22', 'f', '47051 Iva Points', NULL),
(47, 'Elvis', 'Adams', '1991-07-09', 'f', '7708 Royal Shoals', NULL),
(48, 'Tressie', 'Toy', '1978-12-24', 'f', '35412 Jermey Ridge', 94),
(49, 'Albina', 'Sporer', '1980-12-12', 'm', '5665 Gleason Plains', NULL),
(50, 'Miller', 'Kunze', '2018-04-18', 'm', '873 Wilderman Vista', NULL),
(51, 'Bethany', 'Hand', '1992-09-25', 'm', '9139 Brown Fork', NULL),
(52, 'Phoebe', 'Schultz', '2015-03-25', 'f', '201 Kshlerin Islands Suite 277', 70),
(53, 'Duane', 'O\'Connell', '1978-06-13', 'f', '176 Parker Manor Suite 981', NULL),
(54, 'Justine', 'Hyatt', '1972-04-24', 'm', '86811 Isabel Grove', NULL),
(55, 'Juwan', 'Gislason', '1986-06-10', 'f', '68420 Buford Isle Apt. 777', NULL),
(56, 'Jon', 'Wintheiser', '1975-09-10', 'f', '6422 O\'Reilly Pines Suite 383', 36),
(57, 'Robyn', 'Ankunding', '2013-02-02', 'm', '98102 Terry Place Suite 992', NULL),
(58, 'Regan', 'O\'Kon', '1992-06-27', 'f', '07247 Davin Isle Suite 679', NULL),
(59, 'Laverne', 'Reichert', '1996-02-15', 'm', '553 Kamron Shore', NULL),
(60, 'Virginie', 'Nienow', '1983-11-24', 'f', '63539 Connelly Center', 59),
(61, 'Stewart', 'Von', '1988-07-04', 'm', '6744 DuBuque Point Apt. 619', NULL),
(62, 'Bernie', 'Hodkiewicz', '2013-06-28', 'f', '2467 Pollich Greens Apt. 116', NULL),
(63, 'Aniya', 'Wunsch', '2016-06-16', 'f', '768 Tremblay Mission', NULL),
(64, 'Cathryn', 'Greenholt', '2017-07-10', 'f', '9741 Shanahan Turnpike Suite 577', 41),
(65, 'Ruthie', 'Ritchie', '1993-11-24', 'm', '979 Cristal Manor', NULL),
(66, 'Louisa', 'Satterfield', '2015-09-21', 'f', '91126 Addison Ferry', NULL),
(67, 'Marty', 'Hartmann', '2006-03-27', 'm', '16291 Rossie Valley', NULL),
(68, 'Elias', 'McLaughlin', '1991-03-10', 'f', '521 Devan Haven', 17),
(69, 'Roxanne', 'Ledner', '1977-10-27', 'm', '67948 Hagenes Hollow Apt. 403', NULL),
(70, 'Robbie', 'Schneider', '2004-10-23', 'f', '2563 Luisa Roads', NULL),
(71, 'Ocie', 'Eichmann', '2003-09-15', 'm', '035 Littel Springs', NULL),
(72, 'Earnest', 'Towne', '2005-07-20', 'm', '9113 Gilbert Tunnel', 25),
(73, 'Ibrahim', 'Von', '2008-08-16', 'f', '8405 Russel Mission', NULL),
(74, 'Paxton', 'Von', '2002-04-08', 'm', '626 Luis Island', NULL),
(75, 'Kristin', 'Harris', '1995-11-11', 'f', '4879 Heathcote Junctions', NULL),
(76, 'Oswald', 'Schoen', '1982-11-13', 'f', '873 Koch Station Apt. 288', 36),
(77, 'Janet', 'Hodkiewicz', '1990-11-30', 'f', '297 Labadie Summit', NULL),
(78, 'Abigale', 'Strosin', '2020-03-10', 'm', '262 Torphy Prairie Apt. 058', NULL),
(79, 'Aliyah', 'Ankunding', '1991-06-30', 'f', '628 Giovanny Forest Apt. 515', NULL),
(80, 'Gabe', 'Vandervort', '1986-03-07', 'f', '3335 Bosco Roads', 34),
(81, 'Heath', 'Weber', '1993-06-02', 'm', '18681 Lavern Islands', NULL),
(82, 'Imani', 'Ferry', '2020-05-07', 'f', '722 Marianne Extensions Apt. 495', NULL),
(83, 'Alfreda', 'Koch', '1984-06-08', 'm', '2954 Elyse Creek Suite 596', NULL),
(84, 'Wilford', 'Shanahan', '1991-11-04', 'f', '5237 Alfred Ridge Apt. 776', 82),
(85, 'Tara', 'Schumm', '2011-07-16', 'm', '9325 Desiree Hollow Suite 420', NULL),
(86, 'Iliana', 'Macejkovic', '1998-04-14', 'f', '199 Stuart Fork Apt. 477', NULL),
(87, 'Ryann', 'Crooks', '1974-12-21', 'f', '658 Lehner Trafficway', NULL),
(88, 'June', 'Carroll', '2017-09-23', 'm', '6725 Trantow Lane Suite 416', 82),
(89, 'Winifred', 'Moore', '1970-01-12', 'm', '601 Jamie Spring Suite 976', NULL),
(90, 'Dayna', 'Nolan', '1972-10-21', 'm', '5855 Mraz Street', NULL),
(91, 'Deborah', 'Towne', '1997-03-29', 'm', '77540 Collier Hill', NULL),
(92, 'Corene', 'Upton', '1994-05-28', 'f', '0828 Walker Fields Suite 277', 15),
(93, 'Nannie', 'Nolan', '1977-01-18', 'f', '4631 Summer Stravenue Apt. 454', NULL),
(94, 'Norval', 'Sanford', '1989-11-20', 'm', '422 Alysson Point', NULL),
(95, 'Lucienne', 'Marvin', '2014-12-25', 'm', '2560 Kovacek Walk Suite 914', NULL),
(96, 'Janis', 'Howell', '1972-09-02', 'm', '31723 Santino Glens', 25),
(97, 'Loraine', 'Witting', '2011-12-04', 'm', '45687 Verdie Alley', NULL),
(98, 'Alexandrea', 'Blick', '2016-05-05', 'm', '2740 Nitzsche Lakes Apt. 181', NULL),
(99, 'Reid', 'Brown', '2005-11-02', 'f', '79712 Jailyn Corner Suite 791', NULL),
(100, 'Ruthe', 'Beer', '1997-10-10', 'f', '1321 Block Locks', 47);

-- --------------------------------------------------------

--
-- Структура таблицы `user`
--

CREATE TABLE `user` (
  `id` int(10) UNSIGNED NOT NULL,
  `email` varchar(145) COLLATE utf8mb4_unicode_ci NOT NULL,
  `phone` bigint(20) NOT NULL COMMENT '79009009090',
  `password_hash` char(65) COLLATE utf8mb4_unicode_ci DEFAULT NULL,
  `created_at` datetime NOT NULL DEFAULT current_timestamp(),
  `updated_at` datetime DEFAULT NULL ON UPDATE current_timestamp(),
  `deleted_at` datetime DEFAULT NULL
) ENGINE=InnoDB DEFAULT CHARSET=utf8mb4 COLLATE=utf8mb4_unicode_ci;

--
-- Дамп данных таблицы `user`
--

INSERT INTO `user` (`id`, `email`, `phone`, `password_hash`, `created_at`, `updated_at`, `deleted_at`) VALUES
(1, 'norris16@example.net', 79881458910, '1b47fff197b36986f056f5a15a90af33f07aed20', '1994-05-28 09:13:35', '1985-05-22 17:06:28', NULL),
(2, 'lee.tillman@example.org', 79485502657, '0c2b21a73b11e13cd7cd1452deab0672ff549e6b', '2003-05-29 02:04:47', '1996-08-27 01:22:18', NULL),
(3, 'adriel26@example.org', 79312737459, 'c52972ab13505cdb5d1fedb6f4e3106b6dbae3fb', '1998-07-11 02:23:24', '1984-07-06 15:01:23', NULL),
(4, 'nitzsche.adolf@example.org', 79760010438, '95426a878a4b3061f139bf8d5fdf792cc0b2d758', '1999-11-09 20:14:41', '2018-10-25 05:03:14', NULL),
(5, 'kiarra.mitchell@example.net', 79423601323, '05164dad68b5ee6bde84748d769f63965547817e', '2007-03-29 03:42:10', NULL, NULL),
(6, 'wyatt59@example.com', 79242104291, '3db040bd5f4947dd25e8d407c9cbe2428d91198c', '1980-06-30 20:38:31', NULL, NULL),
(7, 'heathcote.cecile@example.net', 79350988098, '2b5b6e0d9a20a2401084dfbebfbf8e22ee92a01d', '2019-02-12 09:34:38', NULL, NULL),
(8, 'gertrude83@example.com', 79367684438, 'f4c6184adad53016cb7cd68d6e708b86b24c9b7e', '2004-02-17 11:53:26', '1985-06-05 17:41:54', NULL),
(9, 'boyer.brody@example.net', 79564887148, 'c18b449e9097a225c01f5a8765f2f65f9af9b01c', '1992-08-24 22:09:24', '1990-09-29 02:50:20', NULL),
(10, 'hermiston.maryam@example.org', 79055978262, '425518a973e10601850b2a5ed753ff5dee1c384f', '2010-07-15 02:44:44', NULL, NULL),
(11, 'opal.ondricka@example.org', 79956715686, 'c722343ba9b3f5ebbb5501ef673d479aefd83f66', '1977-02-12 23:28:04', NULL, NULL),
(12, 'zstehr@example.net', 79508848107, '7e19606941dfcf56a3ce24c55590ad2ca45dc448', '1974-06-25 14:57:40', '2019-05-23 05:13:32', NULL),
(13, 'casimir.o\'connell@example.com', 79049435625, 'f71a6f51ec51f105ab517fa71e349c1fa21e591c', '2009-08-16 04:09:24', '2020-02-01 21:18:44', NULL),
(14, 'lane.hegmann@example.com', 79132182944, '076d8f853881675fb53c4c97e47b92cf74b468a8', '1971-03-15 03:12:55', '1982-02-03 08:52:59', NULL),
(15, 'wuckert.doyle@example.org', 79046918070, 'bfc7f559247ab9f27edc8f36ca912c5ccbae499e', '1975-07-20 04:35:56', NULL, NULL),
(16, 'towne.scarlett@example.com', 79959798152, '019a4a4974ebaa96b3aae2f4ccac5aca58327849', '2012-08-06 17:23:07', NULL, NULL),
(17, 'beier.velva@example.org', 79131244264, 'cd08c7dc137b1627556cc9ea739558acea2dd13c', '1996-02-29 00:58:08', NULL, NULL),
(18, 'schuster.arnoldo@example.org', 79931623284, '5a568c303c928035ec255ca8104507deb4391067', '1970-09-09 23:47:21', '1981-03-09 02:45:58', NULL),
(19, 'foster.o\'kon@example.net', 79431981789, '45c32987f4b213c4a2d9bdb6d9cafa87da2ecf1d', '2004-05-13 13:34:25', NULL, NULL),
(20, 'chris18@example.com', 79430806240, 'd98b8ad9d56c50ae72103269a3fed83a33cdceae', '2000-11-26 04:19:51', '1974-07-06 09:00:06', NULL),
(21, 'beer.theron@example.org', 79270259612, '4ad2b5e2c6b19a17ef7fa75a223bf1984862bbb7', '2004-01-18 12:14:14', NULL, NULL),
(22, 'maryam.hamill@example.net', 79335763406, 'db7c18aca02192674ec23aa12bb5196b1d0e0e1b', '1986-03-05 21:54:36', NULL, NULL),
(23, 'myron54@example.com', 79470168194, '1d9613edb384e9f5218d1fe47d1a075e4aedc830', '1987-02-22 03:54:56', '1974-09-20 15:57:15', NULL),
(24, 'veum.gage@example.com', 79762929829, 'dee3bcfd72a1b78012c2700111410ccaf6bdd985', '1986-09-21 21:22:37', '1980-02-27 17:38:29', NULL),
(25, 'kmante@example.net', 79946156721, '11f0b7cef42a100ffc5c0f961373ce743fec8bff', '2000-09-25 17:56:20', NULL, NULL),
(26, 'casandra45@example.net', 79151478484, 'c07be343315de5ee41b614e66fee9cdd129cb797', '1989-10-24 00:17:16', NULL, NULL),
(27, 'rupert.marquardt@example.com', 79747658887, 'f359b0119945361039e2b33d483f2bb04d7940b7', '2011-04-07 09:33:26', NULL, NULL),
(28, 'parisian.karina@example.net', 79385794569, '59d7dc5baf2a7c9261f681a85283f8d4ccc19531', '2011-02-16 16:32:43', '2018-10-18 03:43:53', NULL),
(29, 'kailee.kovacek@example.org', 79172858376, '1b34f50c724f6c53dd21841561ea67e00f4f7a9a', '1989-05-11 03:02:41', '2014-03-23 11:00:32', NULL),
(30, 'kirstin51@example.org', 79510940683, 'efa5ff1567e29c6a298ee86f45fde92cb8404e44', '2003-01-05 00:31:48', '1983-08-21 09:18:16', NULL),
(31, 'hahn.frederick@example.net', 79702219182, 'fd13bab32aa411ea88a787d0bb17842a38da4c09', '2000-04-24 20:27:49', '2001-04-25 09:02:11', NULL),
(32, 'awisozk@example.com', 79909829365, '6a3a30736e190e939ac5cb7eb9a673e2e3ab0b1d', '1995-08-03 12:17:32', NULL, NULL),
(33, 'grimes.jabari@example.org', 79787884430, 'dca0c0d3b6355f33803b77ee3dd086a9649b96a4', '1996-04-06 10:34:09', NULL, NULL),
(34, 'maryam.ortiz@example.com', 79147362565, '80056531a7696893aa41f4b55836a544fc79508a', '2008-03-14 19:30:37', NULL, NULL),
(35, 'powlowski.darion@example.org', 79694806556, '218cfce9e41f03e1e0dd797c7a646ae32f17ef32', '1979-12-22 08:56:43', NULL, NULL),
(36, 'jesus.wunsch@example.net', 79772042018, '03f984d41ee5a4397988fd9e0e6a0d69e4d4090e', '1998-05-15 16:08:58', NULL, NULL),
(37, 'igreenfelder@example.com', 79222549146, '629785b96aa99c1e06b92d3e18ce4c80f307b027', '1988-04-19 07:52:52', NULL, NULL),
(38, 'flatley.miguel@example.com', 79067249432, 'fb1a874ae8977175963ba5c62ddacd723cac1ae0', '2003-03-13 17:51:13', NULL, NULL),
(39, 'ljacobi@example.org', 79436961844, 'd9aeee5b35e07b169eff0cb7526547d682f30510', '1992-09-02 09:49:36', '2013-11-30 15:03:05', NULL),
(40, 'goyette.chanelle@example.net', 79757687583, '90778195a632e86255d11a4fab18f930a486bb2a', '1989-03-01 11:19:57', '1979-11-12 08:47:17', NULL),
(41, 'brock37@example.com', 79059077137, '02c832a6aa98dd32ca6c197a5698d245a50ee130', '1987-11-12 06:29:40', NULL, NULL),
(42, 'ullrich.imogene@example.net', 79678241406, 'ee609036d844f1f4f837299c79af41932002e44a', '2009-01-09 01:19:58', '2001-06-08 02:07:39', NULL),
(43, 'baumbach.anabelle@example.org', 79696039516, '16d1f892d5f5b92c778e2d6de4ac3b0887f3b0ca', '2006-08-10 20:33:25', NULL, NULL),
(44, 'demario53@example.com', 79487091879, 'f7f573dbdcbf529f216b181ceb88a07b7e337778', '1984-07-29 07:26:53', NULL, NULL),
(45, 'sgutkowski@example.org', 79452633974, '83670c40760ac083b5211e470f6cd2744a6601b4', '2016-11-30 02:03:41', NULL, NULL),
(46, 'trau@example.org', 79482105133, 'e0ec59f4d3ca26cc3ada30272f108aea0b038702', '2011-03-31 18:45:29', NULL, NULL),
(47, 'antonietta.kerluke@example.net', 79293422961, '4c3939ffb371f2993f583ab418bf3fd0fbc5d133', '2000-06-09 10:38:58', '1992-04-03 02:30:08', NULL),
(48, 'xkub@example.org', 79993412962, 'ab83085b9f61b0b169f618ca457d15a7f05e6094', '2006-07-30 21:37:28', '1980-04-22 06:44:22', NULL),
(49, 'clementine.rosenbaum@example.net', 79582636877, 'f543ae4869d16be574e183dcdff0bd8367acf0c2', '1988-02-07 20:01:58', '1982-02-27 22:58:05', NULL),
(50, 'irma75@example.net', 79804603547, '30f80632ca737cbb6475629b8ac899a935a64718', '1993-05-08 02:55:35', NULL, NULL),
(51, 'lfriesen@example.net', 79121295608, '63ff065b8c21bb6e518c7698ab03380b330452bb', '1987-03-14 00:34:33', NULL, NULL),
(52, 'roberto15@example.com', 79401468448, '1a9d04496bafcaaea817beccc6671fa64214e5b6', '2007-02-23 21:34:54', '1977-10-23 04:23:37', NULL),
(53, 'kali.erdman@example.net', 79305696889, '877598dae93bc88716f1da698c35abd729e8ad28', '2021-01-03 05:02:55', '1994-03-15 13:35:00', NULL),
(54, 'gaylord.isadore@example.org', 79594715266, 'dfc5307abd61a5099b5cdc1a054b08541ec2d728', '2016-04-01 21:12:23', NULL, NULL),
(55, 'mquigley@example.com', 79825595441, 'b6ecdeedd715b44c0e7d8f6a6e9e419c0ad94c3d', '1986-09-08 00:08:11', NULL, NULL),
(56, 'macie29@example.net', 79124384212, 'fccf2d3b3c4e8dac4d6359e5f16b58ad2e886751', '1995-06-06 19:11:43', '1981-02-01 01:39:02', NULL),
(57, 'ortiz.randal@example.com', 79410354041, 'b16af67efb3eb0028eee7fb2cd727bc615221275', '1987-03-07 09:53:14', '2016-10-27 07:24:07', NULL),
(58, 'nkub@example.com', 79796642546, '44fd0a7d2c5baf3b8dc65304d4cfc9720f092de0', '2007-09-11 18:38:20', NULL, NULL),
(59, 'alanna.cormier@example.org', 79363453460, '460505851a0c83bb4f28ec7c4102f44cf14df505', '2000-02-07 23:12:55', NULL, NULL),
(60, 'mbraun@example.net', 79918006156, '53d2b8fea5a211d32044b744d53c096d8af600b4', '1988-12-10 16:29:15', '1994-10-09 14:28:30', NULL),
(61, 'adaline.bergnaum@example.net', 79459982025, '7041a92fd2dd6e291fe88a987a9ac019827a5ec9', '1980-07-27 03:16:19', '2019-10-08 09:33:56', NULL),
(62, 'yhudson@example.org', 79142274277, '769140eafd11d721db0e2129c2ad6ff3423a0b75', '2014-06-29 11:21:47', NULL, NULL),
(63, 'herman08@example.net', 79257680489, '5f5a91fbadc67dbb0ac3661295a9d5ad24c16ba2', '1995-10-10 00:51:26', '1978-07-06 05:54:19', NULL),
(64, 'taurean.emard@example.com', 79021050768, 'e927ba6b7fa7f49c04c948b1174300fdf915f8e3', '2008-04-19 10:17:57', '2013-04-30 13:14:29', NULL),
(65, 'filiberto15@example.net', 79781192585, '34d4abfa707b87a1add7f6a2926a11fce75f0ab6', '1994-03-06 14:28:19', '2012-04-20 21:48:59', NULL),
(66, 'kamren.cormier@example.org', 79086358497, 'd233639ab34b7a012a29bc8be98f67262e83620d', '1997-11-24 12:12:55', '1980-11-19 20:26:50', NULL),
(67, 'kub.bennie@example.org', 79140336411, '9338034d90906ed3371067ac0ba76b1f14fceef3', '1975-07-25 12:13:31', NULL, NULL),
(68, 'ukreiger@example.net', 79187776358, 'b2df1c0f7b87d7d7d5eaa8e5aa76777554ab7ab4', '2011-03-17 02:51:33', '2000-04-16 09:15:00', NULL),
(69, 'sschulist@example.com', 79025751179, '6dd3e6eb5d2fbabd59a75213e37ce8d574e3618b', '1997-11-10 19:33:05', NULL, NULL),
(70, 'wmertz@example.net', 79081972155, 'f1eb200551aa7b74dd7d21c3e2f2dd81634e5fee', '2010-12-06 16:03:34', '1982-12-10 14:39:40', NULL),
(71, 'kklein@example.com', 79632776615, 'f17994a8d0cc4a80d0fb1393b4c72f50889fbf6d', '2008-11-28 14:36:10', '1971-03-25 09:50:40', NULL),
(72, 'vandervort.susan@example.net', 79114256269, '5c92b21d0772a061b8f68224a31519e20d18db72', '1991-06-17 01:18:02', NULL, NULL),
(73, 'mable.jacobs@example.net', 79008713659, 'b0d57354f6f56347a33c07447d17f4bd018f73f5', '2015-02-28 02:01:03', '1986-05-23 14:44:23', NULL),
(74, 'runolfsdottir.charles@example.net', 79131103229, 'd8c9213e6b86e2c25a1d8a605068c28547c6fbc2', '2018-06-27 09:39:22', '2006-03-16 17:07:12', NULL),
(75, 'lind.kellie@example.com', 79309028074, 'aa5706b029a4e96cd9b7a6aeb2f0e9cb64dd8496', '1971-07-14 09:58:20', '1972-11-25 15:18:37', NULL),
(76, 'haskell11@example.org', 79650668671, '8771610a14af10aa959f3ffe64fecd88a2d1ae21', '1983-08-19 18:18:29', '2003-10-08 04:03:12', NULL),
(77, 'murphy.wilburn@example.org', 79711955479, '0f67ea2458869d77d952c6c164f4dfd5ff391226', '1970-12-07 08:58:59', NULL, NULL),
(78, 'laurianne.sauer@example.org', 79572573872, 'a0bcbf318e04a5ae1324c4effa2085120323a65a', '1974-03-04 16:36:51', '2012-06-08 20:44:16', NULL),
(79, 'ruby.langosh@example.net', 79826495460, 'abb0cf9523b75d05c2911972395ab06c57fddca2', '1981-07-05 04:54:56', '1972-10-22 22:47:58', NULL),
(80, 'uswaniawski@example.net', 79861256718, 'bd20ecea135d6351ea67c90aa98ee5b01c5d342b', '2016-07-15 11:54:27', '2007-03-29 10:31:29', NULL),
(81, 'nola96@example.org', 79334256420, 'f00baf7f79bcbf17f83821480b15ad418017187a', '1971-08-20 06:24:03', NULL, NULL),
(82, 'efren.kessler@example.net', 79666266077, '7ab8f453b3e6d39cc7fa767190dfeeaa227e1fea', '2007-03-19 05:05:40', NULL, NULL),
(83, 'kleuschke@example.org', 79336560784, '1d21882d54f1333adb151011adcccdf281f0167a', '1992-05-23 18:23:36', NULL, NULL),
(84, 'kellie.zulauf@example.com', 79216341968, 'e4781240b45c9f4b2e0e187e84f771d4c5bb6501', '1979-11-10 13:49:28', '2013-09-14 05:12:23', NULL),
(85, 'susanna85@example.com', 79215517791, '494d8029e8bbb979416579492de971a8576d3efc', '2002-12-19 03:19:15', '1981-11-16 02:09:30', NULL),
(86, 'psanford@example.net', 79543552901, 'b907636c64d2dc0393107a15d83be7afbdb37340', '1973-10-15 05:50:32', '1973-02-06 05:05:20', NULL),
(87, 'vo\'hara@example.com', 79085839985, '21a5cba41a1335b6cbc70489725041fb79e8d26e', '1974-04-06 05:22:32', '1976-09-21 10:41:19', NULL),
(88, 'hamill.joany@example.org', 79036761888, '829eef8af369d243aca5560a402f4956bb6b19b8', '1970-05-10 16:49:07', NULL, NULL),
(89, 'katelin55@example.net', 79251736840, '76b82d738e39bf0f647311d9eee5e20447004cd4', '1997-11-14 19:16:22', NULL, NULL),
(90, 'xgislason@example.net', 79424279786, '1324c50147d762387e53fb05c84e2dce8cdd6593', '2009-12-10 21:02:49', NULL, NULL),
(91, 'mayer.dallas@example.org', 79150953784, 'dee9f9746acc7be81d0838e76baf4ba27c351acd', '1975-05-05 22:32:14', NULL, NULL),
(92, 'beier.johan@example.org', 79603551253, '63f8d5d0ba4cf17dde3792b5ac4ecb9c21b175b3', '2002-02-22 09:51:34', '1989-07-25 18:03:10', NULL),
(93, 'leila.koch@example.org', 79649407895, '0b2f9836e270c3713ca5e091d088e7f93baab4c8', '1975-02-18 10:58:28', '2009-11-13 03:33:26', NULL),
(94, 'hkuhic@example.net', 79515536755, '3795f68e7f58dda7362cbb02855fe2ac022b9b3b', '1989-03-21 12:34:46', NULL, NULL),
(95, 'korey74@example.com', 79384234072, 'ea34ada62c714d9ada3fab1754657513d289a722', '1980-03-19 22:07:23', '1978-04-19 22:29:06', NULL),
(96, 'price.coleman@example.com', 79847377273, 'dfb4dbd1276812022184d4e3c937460965c9487b', '2001-10-31 23:01:57', NULL, NULL),
(97, 'ibartoletti@example.net', 79497164974, '64dd2cebd7b5f3c9313601044e35515731d463fa', '2013-08-02 21:49:46', '1996-11-20 17:46:40', NULL),
(98, 'mfarrell@example.org', 79311340752, 'fbe0815e09da4f4b7bbeb665e9825c0acd8fd724', '1983-11-09 16:56:54', '1980-12-25 03:19:52', NULL),
(99, 'carmelo47@example.org', 79320975254, 'f4f8a2fda0e717918e2822010ef3c8a93efe3713', '1980-10-09 00:23:32', NULL, NULL),
(100, 'nkunze@example.com', 79585216179, 'fb726ba8d99d80bf9597f3d49b307410c2063cea', '1992-11-25 12:04:57', '2006-08-26 02:37:01', NULL);

-- --------------------------------------------------------

--
-- Структура таблицы `user_community`
--

CREATE TABLE `user_community` (
  `community_id` int(10) UNSIGNED NOT NULL,
  `user_id` int(10) UNSIGNED NOT NULL
) ENGINE=InnoDB DEFAULT CHARSET=utf8mb4 COLLATE=utf8mb4_unicode_ci;

--
-- Дамп данных таблицы `user_community`
--

INSERT INTO `user_community` (`community_id`, `user_id`) VALUES
(1, 27),
(1, 47),
(1, 49),
(1, 62),
(1, 68),
(1, 70),
(1, 93),
(2, 3),
(2, 4),
(2, 10),
(2, 13),
(2, 21),
(2, 29),
(2, 39),
(2, 41),
(2, 45),
(2, 61),
(2, 91),
(2, 98),
(3, 2),
(3, 6),
(3, 12),
(3, 25),
(3, 31),
(3, 33),
(3, 49),
(3, 67),
(3, 82),
(3, 94),
(4, 20),
(4, 23),
(4, 32),
(4, 34),
(4, 39),
(4, 45),
(4, 53),
(4, 59),
(4, 66),
(4, 75),
(5, 3),
(5, 28),
(5, 37),
(5, 41),
(5, 44),
(5, 52),
(6, 7),
(6, 28),
(6, 29),
(6, 35),
(6, 44),
(6, 48),
(6, 56),
(6, 79),
(6, 82),
(6, 91),
(7, 29),
(7, 56),
(8, 10),
(8, 15),
(8, 17),
(8, 19),
(8, 22),
(8, 24),
(8, 40),
(8, 46),
(8, 61),
(8, 71),
(8, 79),
(8, 81),
(8, 83),
(8, 89),
(9, 26),
(9, 30),
(9, 32),
(9, 47),
(9, 50),
(9, 61),
(9, 71),
(9, 79),
(9, 86),
(9, 98),
(10, 2),
(10, 10),
(10, 17),
(10, 18),
(10, 38),
(10, 53),
(10, 54),
(10, 61),
(10, 62),
(10, 69),
(10, 71),
(10, 74);

--
-- Индексы сохранённых таблиц
--

--
-- Индексы таблицы `community`
--
ALTER TABLE `community`
  ADD PRIMARY KEY (`id`),
  ADD KEY `fk_community_user1_idx` (`admin_id`);

--
-- Индексы таблицы `friend_request`
--
ALTER TABLE `friend_request`
  ADD PRIMARY KEY (`from_user_id`,`to_user_id`),
  ADD KEY `fk_friend_request_user1_idx` (`from_user_id`),
  ADD KEY `fk_friend_request_user2_idx` (`to_user_id`);

--
-- Индексы таблицы `like`
--
ALTER TABLE `like`
  ADD UNIQUE KEY `user_media` (`user_id`,`media_id`),
  ADD UNIQUE KEY `user_post` (`user_id`,`post_id`),
  ADD UNIQUE KEY `user_message` (`user_id`,`message_id`),
  ADD KEY `fk_like_user1_idx` (`user_id`),
  ADD KEY `fk_like_media1_idx` (`media_id`),
  ADD KEY `fk_like_post1_idx` (`post_id`),
  ADD KEY `fk_like_message1_idx` (`message_id`);

--
-- Индексы таблицы `media`
--
ALTER TABLE `media`
  ADD PRIMARY KEY (`id`),
  ADD KEY `fk_media_media_type1_idx` (`media_type_id`),
  ADD KEY `fk_media_user1_idx` (`user_id`);

--
-- Индексы таблицы `media_type`
--
ALTER TABLE `media_type`
  ADD PRIMARY KEY (`id`);

--
-- Индексы таблицы `message`
--
ALTER TABLE `message`
  ADD PRIMARY KEY (`id`),
  ADD KEY `fk_message_user1_idx` (`from_user_id`),
  ADD KEY `fk_message_user2_idx` (`to_user_id`),
  ADD KEY `fk_message_media1_idx` (`media_id`);

--
-- Индексы таблицы `post`
--
ALTER TABLE `post`
  ADD PRIMARY KEY (`id`),
  ADD KEY `fk_post_community1_idx` (`community_id`),
  ADD KEY `fk_post_user1_idx` (`user_id`),
  ADD KEY `fk_post_media1_idx` (`media_id`),
  ADD KEY `fk_post_post1_idx` (`post_id`);

--
-- Индексы таблицы `profile`
--
ALTER TABLE `profile`
  ADD PRIMARY KEY (`user_id`),
  ADD KEY `fk_profile_media1_idx` (`media_id`);

--
-- Индексы таблицы `user`
--
ALTER TABLE `user`
  ADD PRIMARY KEY (`id`),
  ADD UNIQUE KEY `email_UNIQUE` (`email`),
  ADD UNIQUE KEY `phone_UNIQUE` (`phone`);

--
-- Индексы таблицы `user_community`
--
ALTER TABLE `user_community`
  ADD PRIMARY KEY (`community_id`,`user_id`),
  ADD KEY `fk_user_community_community1_idx` (`community_id`),
  ADD KEY `fk_user_community_user1_idx` (`user_id`);

--
-- AUTO_INCREMENT для сохранённых таблиц
--

--
-- AUTO_INCREMENT для таблицы `community`
--
ALTER TABLE `community`
  MODIFY `id` int(10) UNSIGNED NOT NULL AUTO_INCREMENT, AUTO_INCREMENT=11;

--
-- AUTO_INCREMENT для таблицы `media_type`
--
ALTER TABLE `media_type`
  MODIFY `id` int(10) UNSIGNED NOT NULL AUTO_INCREMENT, AUTO_INCREMENT=4;

--
-- AUTO_INCREMENT для таблицы `post`
--
ALTER TABLE `post`
  MODIFY `id` int(10) UNSIGNED NOT NULL AUTO_INCREMENT, AUTO_INCREMENT=101;

--
-- AUTO_INCREMENT для таблицы `user`
--
ALTER TABLE `user`
  MODIFY `id` int(10) UNSIGNED NOT NULL AUTO_INCREMENT, AUTO_INCREMENT=101;

--
-- Ограничения внешнего ключа сохраненных таблиц
--

--
-- Ограничения внешнего ключа таблицы `community`
--
ALTER TABLE `community`
  ADD CONSTRAINT `fk_community_user1` FOREIGN KEY (`admin_id`) REFERENCES `user` (`id`);

--
-- Ограничения внешнего ключа таблицы `friend_request`
--
ALTER TABLE `friend_request`
  ADD CONSTRAINT `fk_friend_request_user1` FOREIGN KEY (`from_user_id`) REFERENCES `user` (`id`),
  ADD CONSTRAINT `fk_friend_request_user2` FOREIGN KEY (`to_user_id`) REFERENCES `user` (`id`);

--
-- Ограничения внешнего ключа таблицы `like`
--
ALTER TABLE `like`
  ADD CONSTRAINT `fk_like_media1` FOREIGN KEY (`media_id`) REFERENCES `media` (`id`),
  ADD CONSTRAINT `fk_like_message1` FOREIGN KEY (`message_id`) REFERENCES `message` (`id`),
  ADD CONSTRAINT `fk_like_post1` FOREIGN KEY (`post_id`) REFERENCES `post` (`id`),
  ADD CONSTRAINT `fk_like_user1` FOREIGN KEY (`user_id`) REFERENCES `user` (`id`);

--
-- Ограничения внешнего ключа таблицы `media`
--
ALTER TABLE `media`
  ADD CONSTRAINT `fk_media_media_type1` FOREIGN KEY (`media_type_id`) REFERENCES `media_type` (`id`),
  ADD CONSTRAINT `fk_media_user1` FOREIGN KEY (`user_id`) REFERENCES `user` (`id`);

--
-- Ограничения внешнего ключа таблицы `message`
--
ALTER TABLE `message`
  ADD CONSTRAINT `fk_message_media1` FOREIGN KEY (`media_id`) REFERENCES `media` (`id`),
  ADD CONSTRAINT `fk_message_user1` FOREIGN KEY (`from_user_id`) REFERENCES `user` (`id`),
  ADD CONSTRAINT `fk_message_user2` FOREIGN KEY (`to_user_id`) REFERENCES `user` (`id`);

--
-- Ограничения внешнего ключа таблицы `post`
--
ALTER TABLE `post`
  ADD CONSTRAINT `fk_post_community1` FOREIGN KEY (`community_id`) REFERENCES `community` (`id`),
  ADD CONSTRAINT `fk_post_media1` FOREIGN KEY (`media_id`) REFERENCES `media` (`id`),
  ADD CONSTRAINT `fk_post_post1` FOREIGN KEY (`post_id`) REFERENCES `post` (`id`),
  ADD CONSTRAINT `fk_post_user1` FOREIGN KEY (`user_id`) REFERENCES `user` (`id`);

--
-- Ограничения внешнего ключа таблицы `profile`
--
ALTER TABLE `profile`
  ADD CONSTRAINT `fk_profile_media1` FOREIGN KEY (`media_id`) REFERENCES `media` (`id`),
  ADD CONSTRAINT `fk_profile_user` FOREIGN KEY (`user_id`) REFERENCES `user` (`id`);

--
-- Ограничения внешнего ключа таблицы `user_community`
--
ALTER TABLE `user_community`
  ADD CONSTRAINT `fk_user_community_community1` FOREIGN KEY (`community_id`) REFERENCES `community` (`id`),
  ADD CONSTRAINT `fk_user_community_user1` FOREIGN KEY (`user_id`) REFERENCES `user` (`id`);
COMMIT;

/*!40101 SET CHARACTER_SET_CLIENT=@OLD_CHARACTER_SET_CLIENT */;
/*!40101 SET CHARACTER_SET_RESULTS=@OLD_CHARACTER_SET_RESULTS */;
/*!40101 SET COLLATION_CONNECTION=@OLD_COLLATION_CONNECTION */;
